neighbour_multiplier,popsize,restart_decay_power,restart_tolerance,self_instead_neighbour,sigma,different_powers,discus,ellipsoid,rosenbrock,shifted_sphere,sphere,mean,mad
0.5,64,2,0.00000001,0.6,0.2,3443.2,10105.6,10048,6873.6,17081.6,16588.8,10690.134,4096.7114
0.5,64,4,0.00000001,0.6,0.2,3443.2,10105.6,10048,6873.6,17081.6,16588.8,10690.134,4096.7114
0.5,64,6,0.00000001,0.6,0.2,3443.2,10105.6,10048,6873.6,17081.6,16588.8,10690.134,4096.7114
0.5,64,8,0.00000001,0.6,0.2,3443.2,10105.6,10048,6873.6,17081.6,16588.8,10690.134,4096.7114
0.5,64,2,0.00000001,0.8,0.2,4057.6,10873.6,10720,6956.8,16806.4,16755.2,11028.266,3835.0217
0.5,64,4,0.00000001,0.8,0.2,4057.6,10873.6,10720,6956.8,16806.4,16755.2,11028.266,3835.0217
0.5,64,6,0.00000001,0.8,0.2,4057.6,10873.6,10720,6956.8,16806.4,16755.2,11028.266,3835.0217
0.5,64,8,0.00000001,0.8,0.2,4057.6,10873.6,10720,6956.8,16806.4,16755.2,11028.266,3835.0217
0.5,64,2,0.00000001,0.4,0.2,3961.6,11001.6,10873.6,7084.8,18208,17881.6,11501.866,4361.9556
0.5,64,4,0.00000001,0.4,0.2,3961.6,11001.6,10873.6,7084.8,18208,17881.6,11501.866,4361.9556
0.5,64,6,0.00000001,0.4,0.2,3961.6,11001.6,10873.6,7084.8,18208,17881.6,11501.866,4361.9556
0.5,64,8,0.00000001,0.4,0.2,3961.6,11001.6,10873.6,7084.8,18208,17881.6,11501.866,4361.9556
0.5,64,2,0.00000001,0.2,0.2,4102.4,12499.2,12723.2,7968,20460.8,20486.4,13040,4955.7334
0.5,64,4,0.00000001,0.2,0.2,4102.4,12499.2,12723.2,7968,20460.8,20486.4,13040,4955.7334
0.5,64,6,0.00000001,0.2,0.2,4102.4,12499.2,12723.2,7968,20460.8,20486.4,13040,4955.7334
0.5,64,8,0.00000001,0.2,0.2,4102.4,12499.2,12723.2,7968,20460.8,20486.4,13040,4955.7334
0.75,64,2,0.00000001,0.8,0.2,4768,12985.6,12934.4,9120,19936,20064,13301.333,4465.778
0.75,64,4,0.00000001,0.8,0.2,4768,12985.6,12934.4,9120,19936,20064,13301.333,4465.778
0.75,64,6,0.00000001,0.8,0.2,4768,12985.6,12934.4,9120,19936,20064,13301.333,4465.778
0.75,64,8,0.00000001,0.8,0.2,4768,12985.6,12934.4,9120,19936,20064,13301.333,4465.778
0.75,64,2,0.00000001,0.6,0.2,5440,13548.8,13568,10361.6,20883.2,20640,14073.599,4458.666
0.75,64,4,0.00000001,0.6,0.2,5440,13548.8,13568,10361.6,20883.2,20640,14073.599,4458.666
0.75,64,6,0.00000001,0.6,0.2,5440,13548.8,13568,10361.6,20883.2,20640,14073.599,4458.666
0.75,64,8,0.00000001,0.6,0.2,5440,13548.8,13568,10361.6,20883.2,20640,14073.599,4458.666
0.75,64,2,0.00000001,0.4,0.2,5849.6,15507.2,15513.6,11168,22099.2,22028.8,15361.065,4568.1777
0.75,64,4,0.00000001,0.4,0.2,5849.6,15507.2,15513.6,11168,22099.2,22028.8,15361.065,4568.1777
0.75,64,6,0.00000001,0.4,0.2,5849.6,15507.2,15513.6,11168,22099.2,22028.8,15361.065,4568.1777
0.75,64,8,0.00000001,0.4,0.2,5849.6,15507.2,15513.6,11168,22099.2,22028.8,15361.065,4568.1777
1,64,2,0.00000001,0.8,0.2,6240,15833.6,15788.8,12089.6,22726.4,22752,15905.066,4556.0894
1,64,4,0.00000001,0.8,0.2,6240,15833.6,15788.8,12089.6,22726.4,22752,15905.066,4556.0894
1,64,6,0.00000001,0.8,0.2,6240,15833.6,15788.8,12089.6,22726.4,22752,15905.066,4556.0894
1,64,8,0.00000001,0.8,0.2,6240,15833.6,15788.8,12089.6,22726.4,22752,15905.066,4556.0894
1.125,64,2,0.00000001,0.8,0.2,7065.6,17164.8,17062.4,13145.6,23936,24019.2,17065.6,4641.067
1.125,64,4,0.00000001,0.8,0.2,7065.6,17164.8,17062.4,13145.6,23936,24019.2,17065.6,4641.067
1.125,64,6,0.00000001,0.8,0.2,7065.6,17164.8,17062.4,13145.6,23936,24019.2,17065.6,4641.067
1.125,64,8,0.00000001,0.8,0.2,7065.6,17164.8,17062.4,13145.6,23936,24019.2,17065.6,4641.067
1,64,2,0.00000001,0.6,0.2,7859.2,17248,17036.8,14188.8,23782.4,23654.4,17294.934,4282.311
1,64,4,0.00000001,0.6,0.2,7859.2,17248,17036.8,14188.8,23782.4,23654.4,17294.934,4282.311
1,64,6,0.00000001,0.6,0.2,7859.2,17248,17036.8,14188.8,23782.4,23654.4,17294.934,4282.311
1,64,8,0.00000001,0.6,0.2,7859.2,17248,17036.8,14188.8,23782.4,23654.4,17294.934,4282.311
0.75,64,2,0.00000001,0.2,0.2,7577.6,17209.6,17465.6,13011.2,24307.2,24409.6,17330.133,4730.6665
0.75,64,4,0.00000001,0.2,0.2,7577.6,17209.6,17465.6,13011.2,24307.2,24409.6,17330.133,4730.6665
0.75,64,6,0.00000001,0.2,0.2,7577.6,17209.6,17465.6,13011.2,24307.2,24409.6,17330.133,4730.6665
0.75,64,8,0.00000001,0.2,0.2,7577.6,17209.6,17465.6,13011.2,24307.2,24409.6,17330.133,4730.6665
1.125,64,2,0.00000001,0.6,0.2,9318.4,18809.6,18771.2,15993.6,24896,24825.6,18769.066,4075.3777
1.125,64,4,0.00000001,0.6,0.2,9318.4,18809.6,18771.2,15993.6,24896,24825.6,18769.066,4075.3777
1.125,64,6,0.00000001,0.6,0.2,9318.4,18809.6,18771.2,15993.6,24896,24825.6,18769.066,4075.3777
1.125,64,8,0.00000001,0.6,0.2,9318.4,18809.6,18771.2,15993.6,24896,24825.6,18769.066,4075.3777
1,64,2,0.00000001,0.4,0.2,10041.6,19097.6,19347.2,16454.4,24838.4,24864,19107.2,3909.3333
1,64,4,0.00000001,0.4,0.2,10041.6,19097.6,19347.2,16454.4,24838.4,24864,19107.2,3909.3333
1,64,6,0.00000001,0.4,0.2,10041.6,19097.6,19347.2,16454.4,24838.4,24864,19107.2,3909.3333
1,64,8,0.00000001,0.4,0.2,10041.6,19097.6,19347.2,16454.4,24838.4,24864,19107.2,3909.3333
1.5,64,2,0.00000001,0.8,0.2,9632,20454.4,20448,17356.8,26656,26860.8,20234.666,4493.511
1.5,64,4,0.00000001,0.8,0.2,9632,20454.4,20448,17356.8,26656,26860.8,20234.666,4493.511
1.5,64,6,0.00000001,0.8,0.2,9632,20454.4,20448,17356.8,26656,26860.8,20234.666,4493.511
1.5,64,8,0.00000001,0.8,0.2,9632,20454.4,20448,17356.8,26656,26860.8,20234.666,4493.511
1.125,64,2,0.00000001,0.4,0.2,12921.6,20595.2,20800,18252.8,26188.8,25952,20785.064,3528.5334
1.125,64,4,0.00000001,0.4,0.2,12921.6,20595.2,20800,18252.8,26188.8,25952,20785.064,3528.5334
1.125,64,6,0.00000001,0.4,0.2,12921.6,20595.2,20800,18252.8,26188.8,25952,20785.064,3528.5334
1.125,64,8,0.00000001,0.4,0.2,12921.6,20595.2,20800,18252.8,26188.8,25952,20785.064,3528.5334
1,64,2,0.00000001,0.2,0.2,11833.6,21312,20870.4,16985.6,27193.6,28499.2,21115.734,4552.533
1,64,4,0.00000001,0.2,0.2,11833.6,21312,20870.4,16985.6,27193.6,28499.2,21115.734,4552.533
1,64,6,0.00000001,0.2,0.2,11833.6,21312,20870.4,16985.6,27193.6,28499.2,21115.734,4552.533
1,64,8,0.00000001,0.2,0.2,11833.6,21312,20870.4,16985.6,27193.6,28499.2,21115.734,4552.533
1.5,64,2,0.00000001,0.6,0.2,14476.8,22284.8,22284.8,19833.6,27494.4,27321.6,22282.666,3418.3118
1.5,64,4,0.00000001,0.6,0.2,14476.8,22284.8,22284.8,19833.6,27494.4,27321.6,22282.666,3418.3118
1.5,64,6,0.00000001,0.6,0.2,14476.8,22284.8,22284.8,19833.6,27494.4,27321.6,22282.666,3418.3118
1.5,64,8,0.00000001,0.6,0.2,14476.8,22284.8,22284.8,19833.6,27494.4,27321.6,22282.666,3418.3118
0.5,64,2,0.00000001,0.8,0.4,10713.6,22873.6,22707.2,19232,29318.4,29408,22375.467,4935.111
0.5,64,4,0.00000001,0.8,0.4,10713.6,22873.6,22707.2,19232,29318.4,29408,22375.467,4935.111
0.5,64,6,0.00000001,0.8,0.4,10713.6,22873.6,22707.2,19232,29318.4,29408,22375.467,4935.111
0.5,64,8,0.00000001,0.8,0.4,10713.6,22873.6,22707.2,19232,29318.4,29408,22375.467,4935.111
1.125,64,2,0.00000001,0.2,0.2,14899.2,22457.6,22649.6,19084.8,28588.8,28800,22746.666,3965.1553
1.125,64,4,0.00000001,0.2,0.2,14899.2,22457.6,22649.6,19084.8,28588.8,28800,22746.666,3965.1553
1.125,64,6,0.00000001,0.2,0.2,14899.2,22457.6,22649.6,19084.8,28588.8,28800,22746.666,3965.1553
1.125,64,8,0.00000001,0.2,0.2,14899.2,22457.6,22649.6,19084.8,28588.8,28800,22746.666,3965.1553
1.5,64,2,0.00000001,0.4,0.2,17203.2,23737.6,23833.6,21728,28339.2,28409.6,23875.197,2999.4658
1.5,64,4,0.00000001,0.4,0.2,17203.2,23737.6,23833.6,21728,28339.2,28409.6,23875.197,2999.4658
1.5,64,6,0.00000001,0.4,0.2,17203.2,23737.6,23833.6,21728,28339.2,28409.6,23875.197,2999.4658
1.5,64,8,0.00000001,0.4,0.2,17203.2,23737.6,23833.6,21728,28339.2,28409.6,23875.197,2999.4658
0.5,64,2,0.00000001,0.6,0.4,16934.4,24793.6,24627.2,22502.4,30022.4,29804.8,24780.799,3426.1335
0.5,64,4,0.00000001,0.6,0.4,16934.4,24793.6,24627.2,22502.4,30022.4,29804.8,24780.799,3426.1335
0.5,64,6,0.00000001,0.6,0.4,16934.4,24793.6,24627.2,22502.4,30022.4,29804.8,24780.799,3426.1335
0.5,64,8,0.00000001,0.6,0.4,16934.4,24793.6,24627.2,22502.4,30022.4,29804.8,24780.799,3426.1335
0.75,64,2,0.00000001,0.8,0.4,15078.4,25766.4,25747.2,22854.4,31404.8,31417.6,25378.133,4274.489
0.75,64,4,0.00000001,0.8,0.4,15078.4,25766.4,25747.2,22854.4,31404.8,31417.6,25378.133,4274.489
0.75,64,6,0.00000001,0.8,0.4,15078.4,25766.4,25747.2,22854.4,31404.8,31417.6,25378.133,4274.489
0.75,64,8,0.00000001,0.8,0.4,15078.4,25766.4,25747.2,22854.4,31404.8,31417.6,25378.133,4274.489
1.5,64,2,0.00000001,0.2,0.2,18720,25529.6,25248,22137.6,30873.6,31347.2,25642.666,3645.1553
1.5,64,4,0.00000001,0.2,0.2,18720,25529.6,25248,22137.6,30873.6,31347.2,25642.666,3645.1553
1.5,64,6,0.00000001,0.2,0.2,18720,25529.6,25248,22137.6,30873.6,31347.2,25642.666,3645.1553
1.5,64,8,0.00000001,0.2,0.2,18720,25529.6,25248,22137.6,30873.6,31347.2,25642.666,3645.1553
0.5,64,2,0.00000001,0.4,0.4,20121.6,26028.8,25894.4,23833.6,30841.6,30752,26245.334,3034.3113
0.5,64,4,0.00000001,0.4,0.4,20121.6,26028.8,25894.4,23833.6,30841.6,30752,26245.334,3034.3113
0.5,64,6,0.00000001,0.4,0.4,20121.6,26028.8,25894.4,23833.6,30841.6,30752,26245.334,3034.3113
0.5,64,8,0.00000001,0.4,0.4,20121.6,26028.8,25894.4,23833.6,30841.6,30752,26245.334,3034.3113
0.75,64,2,0.00000001,0.6,0.4,20364.8,27174.4,27200,25152,31737.6,31756.8,27230.932,3010.8438
0.75,64,4,0.00000001,0.6,0.4,20364.8,27174.4,27200,25152,31737.6,31756.8,27230.932,3010.8438
0.75,64,6,0.00000001,0.6,0.4,20364.8,27174.4,27200,25152,31737.6,31756.8,27230.932,3010.8438
0.75,64,8,0.00000001,0.6,0.4,20364.8,27174.4,27200,25152,31737.6,31756.8,27230.932,3010.8438
1,64,2,0.00000001,0.8,0.4,18259.2,27667.2,27673.6,24972.8,32736,32972.8,27380.266,3842.8447
1,64,4,0.00000001,0.8,0.4,18259.2,27667.2,27673.6,24972.8,32736,32972.8,27380.266,3842.8447
1,64,6,0.00000001,0.8,0.4,18259.2,27667.2,27673.6,24972.8,32736,32972.8,27380.266,3842.8447
1,64,8,0.00000001,0.8,0.4,18259.2,27667.2,27673.6,24972.8,32736,32972.8,27380.266,3842.8447
0.5,64,2,0.00000001,0.2,0.4,21536,27366.4,27449.6,24032,32915.2,33209.6,27751.469,3540.623
0.5,64,4,0.00000001,0.2,0.4,21536,27366.4,27449.6,24032,32915.2,33209.6,27751.469,3540.623
0.5,64,6,0.00000001,0.2,0.4,21536,27366.4,27449.6,24032,32915.2,33209.6,27751.469,3540.623
0.5,64,8,0.00000001,0.2,0.4,21536,27366.4,27449.6,24032,32915.2,33209.6,27751.469,3540.623
0.75,64,2,0.00000001,0.4,0.4,22355.2,28211.2,28358.4,25977.6,32422.4,32480,28300.799,2786.1338
0.75,64,4,0.00000001,0.4,0.4,22355.2,28211.2,28358.4,25977.6,32422.4,32480,28300.799,2786.1338
0.75,64,6,0.00000001,0.4,0.4,22355.2,28211.2,28358.4,25977.6,32422.4,32480,28300.799,2786.1338
0.75,64,8,0.00000001,0.4,0.4,22355.2,28211.2,28358.4,25977.6,32422.4,32480,28300.799,2786.1338
1.125,64,2,0.00000001,0.8,0.4,19667.2,28563.2,28601.6,26412.8,33555.2,33542.4,28390.4,3566.9326
1.125,64,4,0.00000001,0.8,0.4,19667.2,28563.2,28601.6,26412.8,33555.2,33542.4,28390.4,3566.9326
1.125,64,6,0.00000001,0.8,0.4,19667.2,28563.2,28601.6,26412.8,33555.2,33542.4,28390.4,3566.9326
1.125,64,8,0.00000001,0.8,0.4,19667.2,28563.2,28601.6,26412.8,33555.2,33542.4,28390.4,3566.9326
1,64,2,0.00000001,0.6,0.4,23443.2,28870.4,28857.6,26886.4,33024,33088,29028.266,2685.1553
1,64,4,0.00000001,0.6,0.4,23443.2,28870.4,28857.6,26886.4,33024,33088,29028.266,2685.1553
1,64,6,0.00000001,0.6,0.4,23443.2,28870.4,28857.6,26886.4,33024,33088,29028.266,2685.1553
1,64,8,0.00000001,0.6,0.4,23443.2,28870.4,28857.6,26886.4,33024,33088,29028.266,2685.1553
1.125,64,2,0.00000001,0.6,0.4,24038.4,29459.2,29331.2,27500.8,33651.2,33516.8,29582.932,2667.3772
1.125,64,4,0.00000001,0.6,0.4,24038.4,29459.2,29331.2,27500.8,33651.2,33516.8,29582.932,2667.3772
1.125,64,6,0.00000001,0.6,0.4,24038.4,29459.2,29331.2,27500.8,33651.2,33516.8,29582.932,2667.3772
1.125,64,8,0.00000001,0.6,0.4,24038.4,29459.2,29331.2,27500.8,33651.2,33516.8,29582.932,2667.3772
0.5,64,2,0.00000001,0.8,0.6,21337.6,29715.2,29798.4,27276.8,34899.2,34835.2,29643.734,3557.6882
0.5,64,4,0.00000001,0.8,0.6,21337.6,29715.2,29798.4,27276.8,34899.2,34835.2,29643.734,3557.6882
0.5,64,6,0.00000001,0.8,0.6,21337.6,29715.2,29798.4,27276.8,34899.2,34835.2,29643.734,3557.6882
0.5,64,8,0.00000001,0.8,0.6,21337.6,29715.2,29798.4,27276.8,34899.2,34835.2,29643.734,3557.6882
1,64,2,0.00000001,0.4,0.4,25036.8,29875.2,29708.8,27801.6,33516.8,33689.6,29938.135,2443.3787
1,64,4,0.00000001,0.4,0.4,25036.8,29875.2,29708.8,27801.6,33516.8,33689.6,29938.135,2443.3787
1,64,6,0.00000001,0.4,0.4,25036.8,29875.2,29708.8,27801.6,33516.8,33689.6,29938.135,2443.3787
1,64,8,0.00000001,0.4,0.4,25036.8,29875.2,29708.8,27801.6,33516.8,33689.6,29938.135,2443.3787
0.75,64,2,0.00000001,0.2,0.4,23859.2,29472,29516.8,26611.2,35174.4,35379.2,30002.133,3516.444
0.75,64,4,0.00000001,0.2,0.4,23859.2,29472,29516.8,26611.2,35174.4,35379.2,30002.133,3516.444
0.75,64,6,0.00000001,0.2,0.4,23859.2,29472,29516.8,26611.2,35174.4,35379.2,30002.133,3516.444
0.75,64,8,0.00000001,0.2,0.4,23859.2,29472,29516.8,26611.2,35174.4,35379.2,30002.133,3516.444
1.5,64,2,0.00000001,0.8,0.4,22656,30272,30432,28115.2,34918.4,35091.2,30247.467,3241.2441
1.5,64,4,0.00000001,0.8,0.4,22656,30272,30432,28115.2,34918.4,35091.2,30247.467,3241.2441
1.5,64,6,0.00000001,0.8,0.4,22656,30272,30432,28115.2,34918.4,35091.2,30247.467,3241.2441
1.5,64,8,0.00000001,0.8,0.4,22656,30272,30432,28115.2,34918.4,35091.2,30247.467,3241.2441
1.125,64,2,0.00000001,0.4,0.4,25523.2,30208,30329.6,28051.2,34022.4,34124.8,30376.533,2464.7112
1.125,64,4,0.00000001,0.4,0.4,25523.2,30208,30329.6,28051.2,34022.4,34124.8,30376.533,2464.7112
1.125,64,6,0.00000001,0.4,0.4,25523.2,30208,30329.6,28051.2,34022.4,34124.8,30376.533,2464.7112
1.125,64,8,0.00000001,0.4,0.4,25523.2,30208,30329.6,28051.2,34022.4,34124.8,30376.533,2464.7112
0.5,64,2,0.00000001,0.6,0.6,24960,30854.4,30803.2,28576,34950.4,34771.2,30819.201,2706.133
0.5,64,4,0.00000001,0.6,0.6,24960,30854.4,30803.2,28576,34950.4,34771.2,30819.201,2706.133
0.5,64,6,0.00000001,0.6,0.6,24960,30854.4,30803.2,28576,34950.4,34771.2,30819.201,2706.133
0.5,64,8,0.00000001,0.6,0.6,24960,30854.4,30803.2,28576,34950.4,34771.2,30819.201,2706.133
0.75,64,2,0.00000001,0.8,0.6,22809.6,31590.4,31276.8,28876.8,36006.4,36166.4,31121.068,3518.577
0.75,64,4,0.00000001,0.8,0.6,22809.6,31590.4,31276.8,28876.8,36006.4,36166.4,31121.068,3518.577
0.75,64,6,0.00000001,0.8,0.6,22809.6,31590.4,31276.8,28876.8,36006.4,36166.4,31121.068,3518.577
0.75,64,8,0.00000001,0.8,0.6,22809.6,31590.4,31276.8,28876.8,36006.4,36166.4,31121.068,3518.577
1.5,64,2,0.00000001,0.6,0.4,25977.6,31129.6,31123.2,29152,34886.4,34918.4,31197.865,2469.6882
1.5,64,4,0.00000001,0.6,0.4,25977.6,31129.6,31123.2,29152,34886.4,34918.4,31197.865,2469.6882
1.5,64,6,0.00000001,0.6,0.4,25977.6,31129.6,31123.2,29152,34886.4,34918.4,31197.865,2469.6882
1.5,64,8,0.00000001,0.6,0.4,25977.6,31129.6,31123.2,29152,34886.4,34918.4,31197.865,2469.6882
1,64,2,0.00000001,0.2,0.4,25958.4,31014.4,30988.8,28064,35897.6,37036.8,31493.334,3315.9114
1,64,4,0.00000001,0.2,0.4,25958.4,31014.4,30988.8,28064,35897.6,37036.8,31493.334,3315.9114
1,64,6,0.00000001,0.2,0.4,25958.4,31014.4,30988.8,28064,35897.6,37036.8,31493.334,3315.9114
1,64,8,0.00000001,0.2,0.4,25958.4,31014.4,30988.8,28064,35897.6,37036.8,31493.334,3315.9114
0.5,64,2,0.00000001,0.4,0.6,26502.4,31302.4,31513.6,29209.6,35436.8,35353.6,31553.068,2561.423
0.5,64,4,0.00000001,0.4,0.6,26502.4,31302.4,31513.6,29209.6,35436.8,35353.6,31553.068,2561.423
0.5,64,6,0.00000001,0.4,0.6,26502.4,31302.4,31513.6,29209.6,35436.8,35353.6,31553.068,2561.423
0.5,64,8,0.00000001,0.4,0.6,26502.4,31302.4,31513.6,29209.6,35436.8,35353.6,31553.068,2561.423
1.5,64,2,0.00000001,0.4,0.4,27686.4,31872,31820.8,29760,35206.4,35276.8,31937.064,2203.0212
1.5,64,4,0.00000001,0.4,0.4,27686.4,31872,31820.8,29760,35206.4,35276.8,31937.064,2203.0212
1.5,64,6,0.00000001,0.4,0.4,27686.4,31872,31820.8,29760,35206.4,35276.8,31937.064,2203.0212
1.5,64,8,0.00000001,0.4,0.4,27686.4,31872,31820.8,29760,35206.4,35276.8,31937.064,2203.0212
1.125,64,2,0.00000001,0.2,0.4,26483.2,31507.2,31488,28518.4,37804.8,37049.6,32141.865,3523.5557
1.125,64,4,0.00000001,0.2,0.4,26483.2,31507.2,31488,28518.4,37804.8,37049.6,32141.865,3523.5557
1.125,64,6,0.00000001,0.2,0.4,26483.2,31507.2,31488,28518.4,37804.8,37049.6,32141.865,3523.5557
1.125,64,8,0.00000001,0.2,0.4,26483.2,31507.2,31488,28518.4,37804.8,37049.6,32141.865,3523.5557
0.75,64,2,0.00000001,0.6,0.6,27321.6,32121.6,32217.6,30016,36051.2,36000,32288,2491.7334
0.75,64,4,0.00000001,0.6,0.6,27321.6,32121.6,32217.6,30016,36051.2,36000,32288,2491.7334
0.75,64,6,0.00000001,0.6,0.6,27321.6,32121.6,32217.6,30016,36051.2,36000,32288,2491.7334
0.75,64,8,0.00000001,0.6,0.6,27321.6,32121.6,32217.6,30016,36051.2,36000,32288,2491.7334
1,64,2,0.00000001,0.8,0.6,25785.6,32678.4,32652.8,30240,36998.4,37113.6,32578.13,3043.5566
1,64,4,0.00000001,0.8,0.6,25785.6,32678.4,32652.8,30240,36998.4,37113.6,32578.13,3043.5566
1,64,6,0.00000001,0.8,0.6,25785.6,32678.4,32652.8,30240,36998.4,37113.6,32578.13,3043.5566
1,64,8,0.00000001,0.8,0.6,25785.6,32678.4,32652.8,30240,36998.4,37113.6,32578.13,3043.5566
0.75,64,2,0.00000001,0.4,0.6,28236.8,32742.4,32716.8,30643.2,36281.6,36486.4,32851.203,2355.201
0.75,64,4,0.00000001,0.4,0.6,28236.8,32742.4,32716.8,30643.2,36281.6,36486.4,32851.203,2355.201
0.75,64,6,0.00000001,0.4,0.6,28236.8,32742.4,32716.8,30643.2,36281.6,36486.4,32851.203,2355.201
0.75,64,8,0.00000001,0.4,0.6,28236.8,32742.4,32716.8,30643.2,36281.6,36486.4,32851.203,2355.201
1.125,64,2,0.00000001,0.8,0.6,26131.2,33190.4,33011.2,30668.8,37344,37478.4,32970.668,3047.11
1.125,64,4,0.00000001,0.8,0.6,26131.2,33190.4,33011.2,30668.8,37344,37478.4,32970.668,3047.11
1.125,64,6,0.00000001,0.8,0.6,26131.2,33190.4,33011.2,30668.8,37344,37478.4,32970.668,3047.11
1.125,64,8,0.00000001,0.8,0.6,26131.2,33190.4,33011.2,30668.8,37344,37478.4,32970.668,3047.11
1,64,2,0.00000001,0.6,0.6,28326.4,33184,33216,31110.4,36755.2,36825.6,33236.266,2369.4219
1,64,4,0.00000001,0.6,0.6,28326.4,33184,33216,31110.4,36755.2,36825.6,33236.266,2369.4219
1,64,6,0.00000001,0.6,0.6,28326.4,33184,33216,31110.4,36755.2,36825.6,33236.266,2369.4219
1,64,8,0.00000001,0.6,0.6,28326.4,33184,33216,31110.4,36755.2,36825.6,33236.266,2369.4219
0.5,64,2,0.00000001,0.2,0.6,27078.4,32659.2,32659.2,29651.2,37964.8,39436.8,33241.598,3639.4666
0.5,64,4,0.00000001,0.2,0.6,27078.4,32659.2,32659.2,29651.2,37964.8,39436.8,33241.598,3639.4666
0.5,64,6,0.00000001,0.2,0.6,27078.4,32659.2,32659.2,29651.2,37964.8,39436.8,33241.598,3639.4666
0.5,64,8,0.00000001,0.2,0.6,27078.4,32659.2,32659.2,29651.2,37964.8,39436.8,33241.598,3639.4666
0.5,64,2,0.00000001,0.8,0.8,25913.6,33408,33561.6,30899.2,37932.8,37920,33272.535,3244.0889
0.5,64,4,0.00000001,0.8,0.8,25913.6,33408,33561.6,30899.2,37932.8,37920,33272.535,3244.0889
0.5,64,6,0.00000001,0.8,0.8,25913.6,33408,33561.6,30899.2,37932.8,37920,33272.535,3244.0889
0.5,64,8,0.00000001,0.8,0.8,25913.6,33408,33561.6,30899.2,37932.8,37920,33272.535,3244.0889
1.125,64,2,0.00000001,0.6,0.6,29145.6,33574.4,33619.2,31718.4,37171.2,37203.2,33738.668,2299.0227
1.125,64,4,0.00000001,0.6,0.6,29145.6,33574.4,33619.2,31718.4,37171.2,37203.2,33738.668,2299.0227
1.125,64,6,0.00000001,0.6,0.6,29145.6,33574.4,33619.2,31718.4,37171.2,37203.2,33738.668,2299.0227
1.125,64,8,0.00000001,0.6,0.6,29145.6,33574.4,33619.2,31718.4,37171.2,37203.2,33738.668,2299.0227
1,64,2,0.00000001,0.4,0.6,29043.2,33747.2,33683.2,31654.4,37145.6,37292.8,33761.066,2305.4229
1,64,4,0.00000001,0.4,0.6,29043.2,33747.2,33683.2,31654.4,37145.6,37292.8,33761.066,2305.4229
1,64,6,0.00000001,0.4,0.6,29043.2,33747.2,33683.2,31654.4,37145.6,37292.8,33761.066,2305.4229
1,64,8,0.00000001,0.4,0.6,29043.2,33747.2,33683.2,31654.4,37145.6,37292.8,33761.066,2305.4229
0.5,64,2,0.00000001,0.6,0.8,28857.6,33984,33856,31891.2,37734.4,37670.4,33998.934,2468.9775
0.5,64,4,0.00000001,0.6,0.8,28857.6,33984,33856,31891.2,37734.4,37670.4,33998.934,2468.9775
0.5,64,6,0.00000001,0.6,0.8,28857.6,33984,33856,31891.2,37734.4,37670.4,33998.934,2468.9775
0.5,64,8,0.00000001,0.6,0.8,28857.6,33984,33856,31891.2,37734.4,37670.4,33998.934,2468.9775
1.5,64,2,0.00000001,0.8,0.6,27552,34393.6,34246.4,32089.6,38246.4,38393.6,34153.598,2888.5342
1.5,64,4,0.00000001,0.8,0.6,27552,34393.6,34246.4,32089.6,38246.4,38393.6,34153.598,2888.5342
1.5,64,6,0.00000001,0.8,0.6,27552,34393.6,34246.4,32089.6,38246.4,38393.6,34153.598,2888.5342
1.5,64,8,0.00000001,0.8,0.6,27552,34393.6,34246.4,32089.6,38246.4,38393.6,34153.598,2888.5342
1.125,64,2,0.00000001,0.4,0.6,29907.2,34144,34144,32134.4,37689.6,37625.6,34274.137,2255.6462
1.125,64,4,0.00000001,0.4,0.6,29907.2,34144,34144,32134.4,37689.6,37625.6,34274.137,2255.6462
1.125,64,6,0.00000001,0.4,0.6,29907.2,34144,34144,32134.4,37689.6,37625.6,34274.137,2255.6462
1.125,64,8,0.00000001,0.4,0.6,29907.2,34144,34144,32134.4,37689.6,37625.6,34274.137,2255.6462
0.75,64,2,0.00000001,0.8,0.8,27488,34649.6,34579.2,31795.2,38739.2,38956.8,34368,3150.9336
0.75,64,4,0.00000001,0.8,0.8,27488,34649.6,34579.2,31795.2,38739.2,38956.8,34368,3150.9336
0.75,64,6,0.00000001,0.8,0.8,27488,34649.6,34579.2,31795.2,38739.2,38956.8,34368,3150.9336
0.75,64,8,0.00000001,0.8,0.8,27488,34649.6,34579.2,31795.2,38739.2,38956.8,34368,3150.9336
0.5,64,2,0.00000001,0.4,0.8,29817.6,34528,34451.2,32332.8,38124.8,38105.6,34560,2370.1338
0.5,64,4,0.00000001,0.4,0.8,29817.6,34528,34451.2,32332.8,38124.8,38105.6,34560,2370.1338
0.5,64,6,0.00000001,0.4,0.8,29817.6,34528,34451.2,32332.8,38124.8,38105.6,34560,2370.1338
0.5,64,8,0.00000001,0.4,0.8,29817.6,34528,34451.2,32332.8,38124.8,38105.6,34560,2370.1338
0.75,64,2,0.00000001,0.2,0.6,28556.8,33977.6,33836.8,31084.8,39328,41030.4,34635.734,3695.6438
0.75,64,4,0.00000001,0.2,0.6,28556.8,33977.6,33836.8,31084.8,39328,41030.4,34635.734,3695.6438
0.75,64,6,0.00000001,0.2,0.6,28556.8,33977.6,33836.8,31084.8,39328,41030.4,34635.734,3695.6438
0.75,64,8,0.00000001,0.2,0.6,28556.8,33977.6,33836.8,31084.8,39328,41030.4,34635.734,3695.6438
1.5,64,2,0.00000001,0.6,0.6,30291.2,34662.4,34560,32889.6,38041.6,38131.2,34762.664,2215.8215
1.5,64,4,0.00000001,0.6,0.6,30291.2,34662.4,34560,32889.6,38041.6,38131.2,34762.664,2215.8215
1.5,64,6,0.00000001,0.6,0.6,30291.2,34662.4,34560,32889.6,38041.6,38131.2,34762.664,2215.8215
1.5,64,8,0.00000001,0.6,0.6,30291.2,34662.4,34560,32889.6,38041.6,38131.2,34762.664,2215.8215
0.75,64,2,0.00000001,0.6,0.8,30368,34848,35008,32825.6,38483.2,38540.8,35012.266,2333.155
0.75,64,4,0.00000001,0.6,0.8,30368,34848,35008,32825.6,38483.2,38540.8,35012.266,2333.155
0.75,64,6,0.00000001,0.6,0.8,30368,34848,35008,32825.6,38483.2,38540.8,35012.266,2333.155
0.75,64,8,0.00000001,0.6,0.8,30368,34848,35008,32825.6,38483.2,38540.8,35012.266,2333.155
1,64,2,0.00000001,0.8,0.8,28454.4,35404.8,35449.6,32844.8,39424,39532.8,35185.066,3023.6448
1,64,4,0.00000001,0.8,0.8,28454.4,35404.8,35449.6,32844.8,39424,39532.8,35185.066,3023.6448
1,64,6,0.00000001,0.8,0.8,28454.4,35404.8,35449.6,32844.8,39424,39532.8,35185.066,3023.6448
1,64,8,0.00000001,0.8,0.8,28454.4,35404.8,35449.6,32844.8,39424,39532.8,35185.066,3023.6448
1.5,64,2,0.00000001,0.4,0.6,30848,35123.2,35206.4,33222.4,38329.6,38579.2,35218.133,2157.5117
1.5,64,4,0.00000001,0.4,0.6,30848,35123.2,35206.4,33222.4,38329.6,38579.2,35218.133,2157.5117
1.5,64,6,0.00000001,0.4,0.6,30848,35123.2,35206.4,33222.4,38329.6,38579.2,35218.133,2157.5117
1.5,64,8,0.00000001,0.4,0.6,30848,35123.2,35206.4,33222.4,38329.6,38579.2,35218.133,2157.5117
0.75,64,2,0.00000001,0.4,0.8,31078.4,35513.6,35340.8,33401.6,38700.8,38886.4,35486.934,2213.333
0.75,64,4,0.00000001,0.4,0.8,31078.4,35513.6,35340.8,33401.6,38700.8,38886.4,35486.934,2213.333
0.75,64,6,0.00000001,0.4,0.8,31078.4,35513.6,35340.8,33401.6,38700.8,38886.4,35486.934,2213.333
0.75,64,8,0.00000001,0.4,0.8,31078.4,35513.6,35340.8,33401.6,38700.8,38886.4,35486.934,2213.333
1.125,64,2,0.00000001,0.8,0.8,29561.6,35667.2,35808,33228.8,39641.6,39929.6,35639.465,2829.512
1.125,64,4,0.00000001,0.8,0.8,29561.6,35667.2,35808,33228.8,39641.6,39929.6,35639.465,2829.512
1.125,64,6,0.00000001,0.8,0.8,29561.6,35667.2,35808,33228.8,39641.6,39929.6,35639.465,2829.512
1.125,64,8,0.00000001,0.8,0.8,29561.6,35667.2,35808,33228.8,39641.6,39929.6,35639.465,2829.512
0.5,64,2,0.00000001,0.8,1,29126.4,35788.8,35782.4,33478.4,39916.8,40070.4,35693.863,2927.6455
0.5,64,4,0.00000001,0.8,1,29126.4,35788.8,35782.4,33478.4,39916.8,40070.4,35693.863,2927.6455
0.5,64,6,0.00000001,0.8,1,29126.4,35788.8,35782.4,33478.4,39916.8,40070.4,35693.863,2927.6455
0.5,64,8,0.00000001,0.8,1,29126.4,35788.8,35782.4,33478.4,39916.8,40070.4,35693.863,2927.6455
1,64,2,0.00000001,0.6,0.8,31360,35731.2,35660.8,33792,39020.8,39168,35788.8,2203.7336
1,64,4,0.00000001,0.6,0.8,31360,35731.2,35660.8,33792,39020.8,39168,35788.8,2203.7336
1,64,6,0.00000001,0.6,0.8,31360,35731.2,35660.8,33792,39020.8,39168,35788.8,2203.7336
1,64,8,0.00000001,0.6,0.8,31360,35731.2,35660.8,33792,39020.8,39168,35788.8,2203.7336
1.125,64,2,0.00000001,0.6,0.8,31590.4,36000,35936,34035.2,39347.2,39347.2,36042.668,2203.0225
1.125,64,4,0.00000001,0.6,0.8,31590.4,36000,35936,34035.2,39347.2,39347.2,36042.668,2203.0225
1.125,64,6,0.00000001,0.6,0.8,31590.4,36000,35936,34035.2,39347.2,39347.2,36042.668,2203.0225
1.125,64,8,0.00000001,0.6,0.8,31590.4,36000,35936,34035.2,39347.2,39347.2,36042.668,2203.0225
0.5,64,2,0.00000001,0.6,1,31148.8,36057.6,36140.8,34169.6,39667.2,39539.2,36120.535,2328.5325
0.5,64,4,0.00000001,0.6,1,31148.8,36057.6,36140.8,34169.6,39667.2,39539.2,36120.535,2328.5325
0.5,64,6,0.00000001,0.6,1,31148.8,36057.6,36140.8,34169.6,39667.2,39539.2,36120.535,2328.5325
0.5,64,8,0.00000001,0.6,1,31148.8,36057.6,36140.8,34169.6,39667.2,39539.2,36120.535,2328.5325
1,64,2,0.00000001,0.4,0.8,32217.6,36140.8,36243.2,34048,39328,39545.6,36253.863,2121.9548
1,64,4,0.00000001,0.4,0.8,32217.6,36140.8,36243.2,34048,39328,39545.6,36253.863,2121.9548
1,64,6,0.00000001,0.4,0.8,32217.6,36140.8,36243.2,34048,39328,39545.6,36253.863,2121.9548
1,64,8,0.00000001,0.4,0.8,32217.6,36140.8,36243.2,34048,39328,39545.6,36253.863,2121.9548
0.5,64,2,0.00000001,0.4,1,31827.2,36576,36601.6,34374.4,39865.6,39980.8,36537.6,2291.2004
0.5,64,4,0.00000001,0.4,1,31827.2,36576,36601.6,34374.4,39865.6,39980.8,36537.6,2291.2004
0.5,64,6,0.00000001,0.4,1,31827.2,36576,36601.6,34374.4,39865.6,39980.8,36537.6,2291.2004
0.5,64,8,0.00000001,0.4,1,31827.2,36576,36601.6,34374.4,39865.6,39980.8,36537.6,2291.2004
1.125,64,2,0.00000001,0.4,0.8,32672,36377.6,36441.6,34444.8,39660.8,39827.2,36570.668,2115.5554
1.125,64,4,0.00000001,0.4,0.8,32672,36377.6,36441.6,34444.8,39660.8,39827.2,36570.668,2115.5554
1.125,64,6,0.00000001,0.4,0.8,32672,36377.6,36441.6,34444.8,39660.8,39827.2,36570.668,2115.5554
1.125,64,8,0.00000001,0.4,0.8,32672,36377.6,36441.6,34444.8,39660.8,39827.2,36570.668,2115.5554
0.75,64,2,0.00000001,0.8,1,30643.2,36678.4,36684.8,34297.6,40614.4,40755.2,36612.27,2761.243
0.75,64,4,0.00000001,0.8,1,30643.2,36678.4,36684.8,34297.6,40614.4,40755.2,36612.27,2761.243
0.75,64,6,0.00000001,0.8,1,30643.2,36678.4,36684.8,34297.6,40614.4,40755.2,36612.27,2761.243
0.75,64,8,0.00000001,0.8,1,30643.2,36678.4,36684.8,34297.6,40614.4,40755.2,36612.27,2761.243
1.5,64,2,0.00000001,0.8,0.8,30905.6,36819.2,36697.6,34464,40576,40870.4,36722.137,2699.7327
1.5,64,4,0.00000001,0.8,0.8,30905.6,36819.2,36697.6,34464,40576,40870.4,36722.137,2699.7327
1.5,64,6,0.00000001,0.8,0.8,30905.6,36819.2,36697.6,34464,40576,40870.4,36722.137,2699.7327
1.5,64,8,0.00000001,0.8,0.8,30905.6,36819.2,36697.6,34464,40576,40870.4,36722.137,2699.7327
1.5,64,2,0.00000001,0.6,0.8,32665.6,36915.2,36774.4,34816,40051.2,40070.4,36882.13,2130.133
1.5,64,4,0.00000001,0.6,0.8,32665.6,36915.2,36774.4,34816,40051.2,40070.4,36882.13,2130.133
1.5,64,6,0.00000001,0.6,0.8,32665.6,36915.2,36774.4,34816,40051.2,40070.4,36882.13,2130.133
1.5,64,8,0.00000001,0.6,0.8,32665.6,36915.2,36774.4,34816,40051.2,40070.4,36882.13,2130.133
0.75,64,2,0.00000001,0.6,1,32832,36883.2,36729.6,34950.4,40012.8,40371.2,36963.2,2152.5332
0.75,64,4,0.00000001,0.6,1,32832,36883.2,36729.6,34950.4,40012.8,40371.2,36963.2,2152.5332
0.75,64,6,0.00000001,0.6,1,32832,36883.2,36729.6,34950.4,40012.8,40371.2,36963.2,2152.5332
0.75,64,8,0.00000001,0.6,1,32832,36883.2,36729.6,34950.4,40012.8,40371.2,36963.2,2152.5332
1.5,64,2,0.00000001,0.4,0.8,33433.6,37337.6,37273.6,35155.2,40179.2,40505.6,37314.137,2026.6666
1.5,64,4,0.00000001,0.4,0.8,33433.6,37337.6,37273.6,35155.2,40179.2,40505.6,37314.137,2026.6666
1.5,64,6,0.00000001,0.4,0.8,33433.6,37337.6,37273.6,35155.2,40179.2,40505.6,37314.137,2026.6666
1.5,64,8,0.00000001,0.4,0.8,33433.6,37337.6,37273.6,35155.2,40179.2,40505.6,37314.137,2026.6666
1,64,2,0.00000001,0.8,1,31635.2,37395.2,37280,35065.6,41120,41452.8,37324.8,2664.5332
1,64,4,0.00000001,0.8,1,31635.2,37395.2,37280,35065.6,41120,41452.8,37324.8,2664.5332
1,64,6,0.00000001,0.8,1,31635.2,37395.2,37280,35065.6,41120,41452.8,37324.8,2664.5332
1,64,8,0.00000001,0.8,1,31635.2,37395.2,37280,35065.6,41120,41452.8,37324.8,2664.5332
0.75,64,2,0.00000001,0.4,1,33433.6,37344,37356.8,35276.8,40352,40473.6,37372.8,2026.6666
0.75,64,4,0.00000001,0.4,1,33433.6,37344,37356.8,35276.8,40352,40473.6,37372.8,2026.6666
0.75,64,6,0.00000001,0.4,1,33433.6,37344,37356.8,35276.8,40352,40473.6,37372.8,2026.6666
0.75,64,8,0.00000001,0.4,1,33433.6,37344,37356.8,35276.8,40352,40473.6,37372.8,2026.6666
1,64,2,0.00000001,0.6,1,33024,37459.2,37510.4,35584,40652.8,40672,37483.73,2128
1,64,4,0.00000001,0.6,1,33024,37459.2,37510.4,35584,40652.8,40672,37483.73,2128
1,64,6,0.00000001,0.6,1,33024,37459.2,37510.4,35584,40652.8,40672,37483.73,2128
1,64,8,0.00000001,0.6,1,33024,37459.2,37510.4,35584,40652.8,40672,37483.73,2128
1.125,64,2,0.00000001,0.8,1,31622.4,37568,37696,35289.6,41350.4,41638.4,37527.47,2714.3096
1.125,64,4,0.00000001,0.8,1,31622.4,37568,37696,35289.6,41350.4,41638.4,37527.47,2714.3096
1.125,64,6,0.00000001,0.8,1,31622.4,37568,37696,35289.6,41350.4,41638.4,37527.47,2714.3096
1.125,64,8,0.00000001,0.8,1,31622.4,37568,37696,35289.6,41350.4,41638.4,37527.47,2714.3096
1.125,64,2,0.00000001,0.6,1,33587.2,37651.2,37580.8,35795.2,40761.6,40883.2,37709.867,2075.0227
1.125,64,4,0.00000001,0.6,1,33587.2,37651.2,37580.8,35795.2,40761.6,40883.2,37709.867,2075.0227
1.125,64,6,0.00000001,0.6,1,33587.2,37651.2,37580.8,35795.2,40761.6,40883.2,37709.867,2075.0227
1.125,64,8,0.00000001,0.6,1,33587.2,37651.2,37580.8,35795.2,40761.6,40883.2,37709.867,2075.0227
1,64,2,0.00000001,0.4,1,34163.2,37792,37811.2,35737.6,40870.4,41004.8,37896.535,2027.3783
1,64,4,0.00000001,0.4,1,34163.2,37792,37811.2,35737.6,40870.4,41004.8,37896.535,2027.3783
1,64,6,0.00000001,0.4,1,34163.2,37792,37811.2,35737.6,40870.4,41004.8,37896.535,2027.3783
1,64,8,0.00000001,0.4,1,34163.2,37792,37811.2,35737.6,40870.4,41004.8,37896.535,2027.3783
1.125,64,2,0.00000001,0.4,1,34016,38080,37952,36268.8,41024,41235.2,38096,2022.3998
1.125,64,4,0.00000001,0.4,1,34016,38080,37952,36268.8,41024,41235.2,38096,2022.3998
1.125,64,6,0.00000001,0.4,1,34016,38080,37952,36268.8,41024,41235.2,38096,2022.3998
1.125,64,8,0.00000001,0.4,1,34016,38080,37952,36268.8,41024,41235.2,38096,2022.3998
1.5,64,2,0.00000001,0.8,1,32332.8,38444.8,38278.4,35955.2,41932.8,42163.2,38184.535,2693.6882
1.5,64,4,0.00000001,0.8,1,32332.8,38444.8,38278.4,35955.2,41932.8,42163.2,38184.535,2693.6882
1.5,64,6,0.00000001,0.8,1,32332.8,38444.8,38278.4,35955.2,41932.8,42163.2,38184.535,2693.6882
1.5,64,8,0.00000001,0.8,1,32332.8,38444.8,38278.4,35955.2,41932.8,42163.2,38184.535,2693.6882
1.5,64,2,0.00000001,0.6,1,34438.4,38336,38361.6,36454.4,41395.2,41337.6,38387.203,1986.1348
1.5,64,4,0.00000001,0.6,1,34438.4,38336,38361.6,36454.4,41395.2,41337.6,38387.203,1986.1348
1.5,64,6,0.00000001,0.6,1,34438.4,38336,38361.6,36454.4,41395.2,41337.6,38387.203,1986.1348
1.5,64,8,0.00000001,0.6,1,34438.4,38336,38361.6,36454.4,41395.2,41337.6,38387.203,1986.1348
1.5,64,2,0.00000001,0.4,1,34924.8,38694.4,38579.2,36742.4,41536,41702.4,38696.535,1948.4453
1.5,64,4,0.00000001,0.4,1,34924.8,38694.4,38579.2,36742.4,41536,41702.4,38696.535,1948.4453
1.5,64,6,0.00000001,0.4,1,34924.8,38694.4,38579.2,36742.4,41536,41702.4,38696.535,1948.4453
1.5,64,8,0.00000001,0.4,1,34924.8,38694.4,38579.2,36742.4,41536,41702.4,38696.535,1948.4453
0.5,64,2,0.00000001,0,0.2,3315.2,23020.8,22502.4,6905.6,inf,inf,inf,inf
0.5,64,2,0.00000001,0,0.4,19436.8,inf,41433.6,24089.6,inf,inf,inf,inf
0.5,64,2,0.00000001,0,0.6,26662.4,inf,inf,28947.2,inf,inf,inf,inf
0.5,64,2,0.00000001,0,0.8,30483.2,inf,inf,32320,inf,inf,inf,inf
0.5,64,2,0.00000001,0,1,32332.8,inf,inf,34278.4,inf,inf,inf,inf
0.5,64,2,0.00000001,0.2,0.8,30739.2,35430.4,35372.8,32710.4,inf,41945.6,inf,inf
0.5,64,2,0.00000001,0.2,1,32582.4,37446.4,37369.6,34713.6,42496,inf,inf,inf
0.5,64,2,0.00000001,1,0.2,inf,inf,inf,inf,inf,inf,inf,inf
0.5,64,2,0.00000001,1,0.4,inf,inf,inf,inf,inf,inf,inf,inf
0.5,64,2,0.00000001,1,0.6,inf,inf,inf,inf,inf,inf,inf,inf
0.5,64,2,0.00000001,1,0.8,inf,inf,inf,inf,inf,inf,inf,inf
0.5,64,2,0.00000001,1,1,inf,inf,inf,inf,inf,inf,inf,inf
0.5,64,4,0.00000001,0,0.2,3315.2,23020.8,22502.4,6905.6,inf,inf,inf,inf
0.5,64,4,0.00000001,0,0.4,19436.8,inf,41433.6,24089.6,inf,inf,inf,inf
0.5,64,4,0.00000001,0,0.6,26662.4,inf,inf,28947.2,inf,inf,inf,inf
0.5,64,4,0.00000001,0,0.8,30483.2,inf,inf,32320,inf,inf,inf,inf
0.5,64,4,0.00000001,0,1,32332.8,inf,inf,34278.4,inf,inf,inf,inf
0.5,64,4,0.00000001,0.2,0.8,30739.2,35430.4,35372.8,32710.4,inf,41945.6,inf,inf
0.5,64,4,0.00000001,0.2,1,32582.4,37446.4,37369.6,34713.6,42496,inf,inf,inf
0.5,64,4,0.00000001,1,0.2,inf,inf,inf,inf,inf,inf,inf,inf
0.5,64,4,0.00000001,1,0.4,inf,inf,inf,inf,inf,inf,inf,inf
0.5,64,4,0.00000001,1,0.6,inf,inf,inf,inf,inf,inf,inf,inf
0.5,64,4,0.00000001,1,0.8,inf,inf,inf,inf,inf,inf,inf,inf
0.5,64,4,0.00000001,1,1,inf,inf,inf,inf,inf,inf,inf,inf
0.5,64,6,0.00000001,0,0.2,3315.2,23020.8,22502.4,6905.6,inf,inf,inf,inf
0.5,64,6,0.00000001,0,0.4,19436.8,inf,41433.6,24089.6,inf,inf,inf,inf
0.5,64,6,0.00000001,0,0.6,26662.4,inf,inf,28947.2,inf,inf,inf,inf
0.5,64,6,0.00000001,0,0.8,30483.2,inf,inf,32320,inf,inf,inf,inf
0.5,64,6,0.00000001,0,1,32332.8,inf,inf,34278.4,inf,inf,inf,inf
0.5,64,6,0.00000001,0.2,0.8,30739.2,35430.4,35372.8,32710.4,inf,41945.6,inf,inf
0.5,64,6,0.00000001,0.2,1,32582.4,37446.4,37369.6,34713.6,42496,inf,inf,inf
0.5,64,6,0.00000001,1,0.2,inf,inf,inf,inf,inf,inf,inf,inf
0.5,64,6,0.00000001,1,0.4,inf,inf,inf,inf,inf,inf,inf,inf
0.5,64,6,0.00000001,1,0.6,inf,inf,inf,inf,inf,inf,inf,inf
0.5,64,6,0.00000001,1,0.8,inf,inf,inf,inf,inf,inf,inf,inf
0.5,64,6,0.00000001,1,1,inf,inf,inf,inf,inf,inf,inf,inf
0.5,64,8,0.00000001,0,0.2,3315.2,23020.8,22502.4,6905.6,inf,inf,inf,inf
0.5,64,8,0.00000001,0,0.4,19436.8,inf,41433.6,24089.6,inf,inf,inf,inf
0.5,64,8,0.00000001,0,0.6,26662.4,inf,inf,28947.2,inf,inf,inf,inf
0.5,64,8,0.00000001,0,0.8,30483.2,inf,inf,32320,inf,inf,inf,inf
0.5,64,8,0.00000001,0,1,32332.8,inf,inf,34278.4,inf,inf,inf,inf
0.5,64,8,0.00000001,0.2,0.8,30739.2,35430.4,35372.8,32710.4,inf,41945.6,inf,inf
0.5,64,8,0.00000001,0.2,1,32582.4,37446.4,37369.6,34713.6,42496,inf,inf,inf
0.5,64,8,0.00000001,1,0.2,inf,inf,inf,inf,inf,inf,inf,inf
0.5,64,8,0.00000001,1,0.4,inf,inf,inf,inf,inf,inf,inf,inf
0.5,64,8,0.00000001,1,0.6,inf,inf,inf,inf,inf,inf,inf,inf
0.5,64,8,0.00000001,1,0.8,inf,inf,inf,inf,inf,inf,inf,inf
0.5,64,8,0.00000001,1,1,inf,inf,inf,inf,inf,inf,inf,inf
0.75,64,2,0.00000001,0,0.2,6707.2,29171.2,26464,11564.8,inf,inf,inf,inf
0.75,64,2,0.00000001,0,0.4,23520,inf,inf,26438.4,inf,inf,inf,inf
0.75,64,2,0.00000001,0,0.6,28806.4,inf,inf,31027.2,inf,inf,inf,inf
0.75,64,2,0.00000001,0,0.8,31315.2,inf,inf,33491.2,inf,inf,inf,inf
0.75,64,2,0.00000001,0,1,33369.6,inf,inf,35558.4,inf,inf,inf,inf
0.75,64,2,0.00000001,0.2,0.8,31225.6,36524.8,36396.8,33996.8,inf,inf,inf,inf
0.75,64,2,0.00000001,0.2,1,33491.2,38131.2,38137.6,35424,inf,inf,inf,inf
0.75,64,2,0.00000001,1,0.2,inf,inf,inf,inf,inf,inf,inf,inf
0.75,64,2,0.00000001,1,0.4,inf,inf,inf,inf,inf,inf,inf,inf
0.75,64,2,0.00000001,1,0.6,inf,inf,inf,inf,inf,inf,inf,inf
0.75,64,2,0.00000001,1,0.8,inf,inf,inf,inf,inf,inf,inf,inf
0.75,64,2,0.00000001,1,1,inf,inf,inf,inf,inf,inf,inf,inf
0.75,64,4,0.00000001,0,0.2,6707.2,29171.2,26464,11564.8,inf,inf,inf,inf
0.75,64,4,0.00000001,0,0.4,23520,inf,inf,26438.4,inf,inf,inf,inf
0.75,64,4,0.00000001,0,0.6,28806.4,inf,inf,31027.2,inf,inf,inf,inf
0.75,64,4,0.00000001,0,0.8,31315.2,inf,inf,33491.2,inf,inf,inf,inf
0.75,64,4,0.00000001,0,1,33369.6,inf,inf,35558.4,inf,inf,inf,inf
0.75,64,4,0.00000001,0.2,0.8,31225.6,36524.8,36396.8,33996.8,inf,inf,inf,inf
0.75,64,4,0.00000001,0.2,1,33491.2,38131.2,38137.6,35424,inf,inf,inf,inf
0.75,64,4,0.00000001,1,0.2,inf,inf,inf,inf,inf,inf,inf,inf
0.75,64,4,0.00000001,1,0.4,inf,inf,inf,inf,inf,inf,inf,inf
0.75,64,4,0.00000001,1,0.6,inf,inf,inf,inf,inf,inf,inf,inf
0.75,64,4,0.00000001,1,0.8,inf,inf,inf,inf,inf,inf,inf,inf
0.75,64,4,0.00000001,1,1,inf,inf,inf,inf,inf,inf,inf,inf
0.75,64,6,0.00000001,0,0.2,6707.2,29171.2,26464,11564.8,inf,inf,inf,inf
0.75,64,6,0.00000001,0,0.4,23520,inf,inf,26438.4,inf,inf,inf,inf
0.75,64,6,0.00000001,0,0.6,28806.4,inf,inf,31027.2,inf,inf,inf,inf
0.75,64,6,0.00000001,0,0.8,31315.2,inf,inf,33491.2,inf,inf,inf,inf
0.75,64,6,0.00000001,0,1,33369.6,inf,inf,35558.4,inf,inf,inf,inf
0.75,64,6,0.00000001,0.2,0.8,31225.6,36524.8,36396.8,33996.8,inf,inf,inf,inf
0.75,64,6,0.00000001,0.2,1,33491.2,38131.2,38137.6,35424,inf,inf,inf,inf
0.75,64,6,0.00000001,1,0.2,inf,inf,inf,inf,inf,inf,inf,inf
0.75,64,6,0.00000001,1,0.4,inf,inf,inf,inf,inf,inf,inf,inf
0.75,64,6,0.00000001,1,0.6,inf,inf,inf,inf,inf,inf,inf,inf
0.75,64,6,0.00000001,1,0.8,inf,inf,inf,inf,inf,inf,inf,inf
0.75,64,6,0.00000001,1,1,inf,inf,inf,inf,inf,inf,inf,inf
0.75,64,8,0.00000001,0,0.2,6707.2,29171.2,26464,11564.8,inf,inf,inf,inf
0.75,64,8,0.00000001,0,0.4,23520,inf,inf,26438.4,inf,inf,inf,inf
0.75,64,8,0.00000001,0,0.6,28806.4,inf,inf,31027.2,inf,inf,inf,inf
0.75,64,8,0.00000001,0,0.8,31315.2,inf,inf,33491.2,inf,inf,inf,inf
0.75,64,8,0.00000001,0,1,33369.6,inf,inf,35558.4,inf,inf,inf,inf
0.75,64,8,0.00000001,0.2,0.8,31225.6,36524.8,36396.8,33996.8,inf,inf,inf,inf
0.75,64,8,0.00000001,0.2,1,33491.2,38131.2,38137.6,35424,inf,inf,inf,inf
0.75,64,8,0.00000001,1,0.2,inf,inf,inf,inf,inf,inf,inf,inf
0.75,64,8,0.00000001,1,0.4,inf,inf,inf,inf,inf,inf,inf,inf
0.75,64,8,0.00000001,1,0.6,inf,inf,inf,inf,inf,inf,inf,inf
0.75,64,8,0.00000001,1,0.8,inf,inf,inf,inf,inf,inf,inf,inf
0.75,64,8,0.00000001,1,1,inf,inf,inf,inf,inf,inf,inf,inf
1,64,2,0.00000001,0,0.2,11987.2,31846.4,33644.8,16224,inf,inf,inf,inf
1,64,2,0.00000001,0,0.4,25568,inf,inf,27897.6,inf,inf,inf,inf
1,64,2,0.00000001,0,0.6,29888,inf,inf,32083.2,inf,inf,inf,inf
1,64,2,0.00000001,0,0.8,32217.6,inf,inf,34489.6,inf,inf,inf,inf
1,64,2,0.00000001,0,1,34054.4,inf,inf,36236.8,inf,inf,inf,inf
1,64,2,0.00000001,0.2,0.6,29804.8,34867.2,34963.2,31923.2,39859.2,inf,inf,inf
1,64,2,0.00000001,0.2,0.8,32384,37120,37126.4,34604.8,inf,inf,inf,inf
1,64,2,0.00000001,0.2,1,34304,38771.2,38732.8,36064,inf,inf,inf,inf
1,64,2,0.00000001,1,0.2,inf,inf,inf,inf,inf,inf,inf,inf
1,64,2,0.00000001,1,0.4,inf,inf,inf,inf,inf,inf,inf,inf
1,64,2,0.00000001,1,0.6,inf,inf,inf,inf,inf,inf,inf,inf
1,64,2,0.00000001,1,0.8,inf,inf,inf,inf,inf,inf,inf,inf
1,64,2,0.00000001,1,1,inf,inf,inf,inf,inf,inf,inf,inf
1,64,4,0.00000001,0,0.2,11987.2,31846.4,33644.8,16224,inf,inf,inf,inf
1,64,4,0.00000001,0,0.4,25568,inf,inf,27897.6,inf,inf,inf,inf
1,64,4,0.00000001,0,0.6,29888,inf,inf,32083.2,inf,inf,inf,inf
1,64,4,0.00000001,0,0.8,32217.6,inf,inf,34489.6,inf,inf,inf,inf
1,64,4,0.00000001,0,1,34054.4,inf,inf,36236.8,inf,inf,inf,inf
1,64,4,0.00000001,0.2,0.6,29804.8,34867.2,34963.2,31923.2,39859.2,inf,inf,inf
1,64,4,0.00000001,0.2,0.8,32384,37120,37126.4,34604.8,inf,inf,inf,inf
1,64,4,0.00000001,0.2,1,34304,38771.2,38732.8,36064,inf,inf,inf,inf
1,64,4,0.00000001,1,0.2,inf,inf,inf,inf,inf,inf,inf,inf
1,64,4,0.00000001,1,0.4,inf,inf,inf,inf,inf,inf,inf,inf
1,64,4,0.00000001,1,0.6,inf,inf,inf,inf,inf,inf,inf,inf
1,64,4,0.00000001,1,0.8,inf,inf,inf,inf,inf,inf,inf,inf
1,64,4,0.00000001,1,1,inf,inf,inf,inf,inf,inf,inf,inf
1,64,6,0.00000001,0,0.2,11987.2,31846.4,33644.8,16224,inf,inf,inf,inf
1,64,6,0.00000001,0,0.4,25568,inf,inf,27897.6,inf,inf,inf,inf
1,64,6,0.00000001,0,0.6,29888,inf,inf,32083.2,inf,inf,inf,inf
1,64,6,0.00000001,0,0.8,32217.6,inf,inf,34489.6,inf,inf,inf,inf
1,64,6,0.00000001,0,1,34054.4,inf,inf,36236.8,inf,inf,inf,inf
1,64,6,0.00000001,0.2,0.6,29804.8,34867.2,34963.2,31923.2,39859.2,inf,inf,inf
1,64,6,0.00000001,0.2,0.8,32384,37120,37126.4,34604.8,inf,inf,inf,inf
1,64,6,0.00000001,0.2,1,34304,38771.2,38732.8,36064,inf,inf,inf,inf
1,64,6,0.00000001,1,0.2,inf,inf,inf,inf,inf,inf,inf,inf
1,64,6,0.00000001,1,0.4,inf,inf,inf,inf,inf,inf,inf,inf
1,64,6,0.00000001,1,0.6,inf,inf,inf,inf,inf,inf,inf,inf
1,64,6,0.00000001,1,0.8,inf,inf,inf,inf,inf,inf,inf,inf
1,64,6,0.00000001,1,1,inf,inf,inf,inf,inf,inf,inf,inf
1,64,8,0.00000001,0,0.2,11987.2,31846.4,33644.8,16224,inf,inf,inf,inf
1,64,8,0.00000001,0,0.4,25568,inf,inf,27897.6,inf,inf,inf,inf
1,64,8,0.00000001,0,0.6,29888,inf,inf,32083.2,inf,inf,inf,inf
1,64,8,0.00000001,0,0.8,32217.6,inf,inf,34489.6,inf,inf,inf,inf
1,64,8,0.00000001,0,1,34054.4,inf,inf,36236.8,inf,inf,inf,inf
1,64,8,0.00000001,0.2,0.6,29804.8,34867.2,34963.2,31923.2,39859.2,inf,inf,inf
1,64,8,0.00000001,0.2,0.8,32384,37120,37126.4,34604.8,inf,inf,inf,inf
1,64,8,0.00000001,0.2,1,34304,38771.2,38732.8,36064,inf,inf,inf,inf
1,64,8,0.00000001,1,0.2,inf,inf,inf,inf,inf,inf,inf,inf
1,64,8,0.00000001,1,0.4,inf,inf,inf,inf,inf,inf,inf,inf
1,64,8,0.00000001,1,0.6,inf,inf,inf,inf,inf,inf,inf,inf
1,64,8,0.00000001,1,0.8,inf,inf,inf,inf,inf,inf,inf,inf
1,64,8,0.00000001,1,1,inf,inf,inf,inf,inf,inf,inf,inf
1.125,64,2,0.00000001,0,0.2,13875.2,36556.8,33568,18182.4,inf,inf,inf,inf
1.125,64,2,0.00000001,0,0.4,26316.8,inf,inf,28748.8,inf,inf,inf,inf
1.125,64,2,0.00000001,0,0.6,30611.2,inf,inf,32377.6,inf,inf,inf,inf
1.125,64,2,0.00000001,0,0.8,32864,inf,inf,34604.8,inf,inf,inf,inf
1.125,64,2,0.00000001,0,1,34508.8,inf,inf,36467.2,inf,inf,inf,inf
1.125,64,2,0.00000001,0.2,0.6,30528,35225.6,35180.8,32428.8,inf,inf,inf,inf
1.125,64,2,0.00000001,0.2,0.8,32793.6,37580.8,37433.6,34777.6,inf,inf,inf,inf
1.125,64,2,0.00000001,0.2,1,34342.4,39072,38905.6,36505.6,inf,inf,inf,inf
1.125,64,2,0.00000001,1,0.2,inf,inf,inf,inf,inf,inf,inf,inf
1.125,64,2,0.00000001,1,0.4,inf,inf,inf,inf,inf,inf,inf,inf
1.125,64,2,0.00000001,1,0.6,inf,inf,inf,inf,inf,inf,inf,inf
1.125,64,2,0.00000001,1,0.8,inf,inf,inf,inf,inf,inf,inf,inf
1.125,64,2,0.00000001,1,1,inf,inf,inf,inf,inf,inf,inf,inf
1.125,64,4,0.00000001,0,0.2,13875.2,36556.8,33568,18182.4,inf,inf,inf,inf
1.125,64,4,0.00000001,0,0.4,26316.8,inf,inf,28748.8,inf,inf,inf,inf
1.125,64,4,0.00000001,0,0.6,30611.2,inf,inf,32377.6,inf,inf,inf,inf
1.125,64,4,0.00000001,0,0.8,32864,inf,inf,34604.8,inf,inf,inf,inf
1.125,64,4,0.00000001,0,1,34508.8,inf,inf,36467.2,inf,inf,inf,inf
1.125,64,4,0.00000001,0.2,0.6,30528,35225.6,35180.8,32428.8,inf,inf,inf,inf
1.125,64,4,0.00000001,0.2,0.8,32793.6,37580.8,37433.6,34777.6,inf,inf,inf,inf
1.125,64,4,0.00000001,0.2,1,34342.4,39072,38905.6,36505.6,inf,inf,inf,inf
1.125,64,4,0.00000001,1,0.2,inf,inf,inf,inf,inf,inf,inf,inf
1.125,64,4,0.00000001,1,0.4,inf,inf,inf,inf,inf,inf,inf,inf
1.125,64,4,0.00000001,1,0.6,inf,inf,inf,inf,inf,inf,inf,inf
1.125,64,4,0.00000001,1,0.8,inf,inf,inf,inf,inf,inf,inf,inf
1.125,64,4,0.00000001,1,1,inf,inf,inf,inf,inf,inf,inf,inf
1.125,64,6,0.00000001,0,0.2,13875.2,36556.8,33568,18182.4,inf,inf,inf,inf
1.125,64,6,0.00000001,0,0.4,26316.8,inf,inf,28748.8,inf,inf,inf,inf
1.125,64,6,0.00000001,0,0.6,30611.2,inf,inf,32377.6,inf,inf,inf,inf
1.125,64,6,0.00000001,0,0.8,32864,inf,inf,34604.8,inf,inf,inf,inf
1.125,64,6,0.00000001,0,1,34508.8,inf,inf,36467.2,inf,inf,inf,inf
1.125,64,6,0.00000001,0.2,0.6,30528,35225.6,35180.8,32428.8,inf,inf,inf,inf
1.125,64,6,0.00000001,0.2,0.8,32793.6,37580.8,37433.6,34777.6,inf,inf,inf,inf
1.125,64,6,0.00000001,0.2,1,34342.4,39072,38905.6,36505.6,inf,inf,inf,inf
1.125,64,6,0.00000001,1,0.2,inf,inf,inf,inf,inf,inf,inf,inf
1.125,64,6,0.00000001,1,0.4,inf,inf,inf,inf,inf,inf,inf,inf
1.125,64,6,0.00000001,1,0.6,inf,inf,inf,inf,inf,inf,inf,inf
1.125,64,6,0.00000001,1,0.8,inf,inf,inf,inf,inf,inf,inf,inf
1.125,64,6,0.00000001,1,1,inf,inf,inf,inf,inf,inf,inf,inf
1.125,64,8,0.00000001,0,0.2,13875.2,36556.8,33568,18182.4,inf,inf,inf,inf
1.125,64,8,0.00000001,0,0.4,26316.8,inf,inf,28748.8,inf,inf,inf,inf
1.125,64,8,0.00000001,0,0.6,30611.2,inf,inf,32377.6,inf,inf,inf,inf
1.125,64,8,0.00000001,0,0.8,32864,inf,inf,34604.8,inf,inf,inf,inf
1.125,64,8,0.00000001,0,1,34508.8,inf,inf,36467.2,inf,inf,inf,inf
1.125,64,8,0.00000001,0.2,0.6,30528,35225.6,35180.8,32428.8,inf,inf,inf,inf
1.125,64,8,0.00000001,0.2,0.8,32793.6,37580.8,37433.6,34777.6,inf,inf,inf,inf
1.125,64,8,0.00000001,0.2,1,34342.4,39072,38905.6,36505.6,inf,inf,inf,inf
1.125,64,8,0.00000001,1,0.2,inf,inf,inf,inf,inf,inf,inf,inf
1.125,64,8,0.00000001,1,0.4,inf,inf,inf,inf,inf,inf,inf,inf
1.125,64,8,0.00000001,1,0.6,inf,inf,inf,inf,inf,inf,inf,inf
1.125,64,8,0.00000001,1,0.8,inf,inf,inf,inf,inf,inf,inf,inf
1.125,64,8,0.00000001,1,1,inf,inf,inf,inf,inf,inf,inf,inf
1.5,64,2,0.00000001,0,0.2,18406.4,inf,inf,21907.2,inf,inf,inf,inf
1.5,64,2,0.00000001,0,0.4,27795.2,inf,inf,30457.6,inf,inf,inf,inf
1.5,64,2,0.00000001,0,0.6,31520,inf,inf,33734.4,inf,inf,inf,inf
1.5,64,2,0.00000001,0,0.8,33760,inf,inf,36313.6,inf,inf,inf,inf
1.5,64,2,0.00000001,0,1,35046.4,inf,inf,37772.8,inf,inf,inf,inf
1.5,64,2,0.00000001,0.2,0.4,27910.4,32889.6,33011.2,30131.2,37894.4,inf,inf,inf
1.5,64,2,0.00000001,0.2,0.6,31340.8,36179.2,36224,33612.8,inf,inf,inf,inf
1.5,64,2,0.00000001,0.2,0.8,33824,38112,38233.6,35616,inf,inf,inf,inf
1.5,64,2,0.00000001,0.2,1,35212.8,39788.8,39468.8,36934.4,inf,inf,inf,inf
1.5,64,2,0.00000001,1,0.2,inf,inf,inf,inf,inf,inf,inf,inf
1.5,64,2,0.00000001,1,0.4,inf,inf,inf,inf,inf,inf,inf,inf
1.5,64,2,0.00000001,1,0.6,inf,inf,inf,inf,inf,inf,inf,inf
1.5,64,2,0.00000001,1,0.8,inf,inf,inf,inf,inf,inf,inf,inf
1.5,64,2,0.00000001,1,1,inf,inf,inf,inf,inf,inf,inf,inf
1.5,64,4,0.00000001,0,0.2,18406.4,inf,inf,21907.2,inf,inf,inf,inf
1.5,64,4,0.00000001,0,0.4,27795.2,inf,inf,30457.6,inf,inf,inf,inf
1.5,64,4,0.00000001,0,0.6,31520,inf,inf,33734.4,inf,inf,inf,inf
1.5,64,4,0.00000001,0,0.8,33760,inf,inf,36313.6,inf,inf,inf,inf
1.5,64,4,0.00000001,0,1,35046.4,inf,inf,37772.8,inf,inf,inf,inf
1.5,64,4,0.00000001,0.2,0.4,27910.4,32889.6,33011.2,30131.2,37894.4,inf,inf,inf
1.5,64,4,0.00000001,0.2,0.6,31340.8,36179.2,36224,33612.8,inf,inf,inf,inf
1.5,64,4,0.00000001,0.2,0.8,33824,38112,38233.6,35616,inf,inf,inf,inf
1.5,64,4,0.00000001,0.2,1,35212.8,39788.8,39468.8,36934.4,inf,inf,inf,inf
1.5,64,4,0.00000001,1,0.2,inf,inf,inf,inf,inf,inf,inf,inf
1.5,64,4,0.00000001,1,0.4,inf,inf,inf,inf,inf,inf,inf,inf
1.5,64,4,0.00000001,1,0.6,inf,inf,inf,inf,inf,inf,inf,inf
1.5,64,4,0.00000001,1,0.8,inf,inf,inf,inf,inf,inf,inf,inf
1.5,64,4,0.00000001,1,1,inf,inf,inf,inf,inf,inf,inf,inf
1.5,64,6,0.00000001,0,0.2,18406.4,inf,inf,21907.2,inf,inf,inf,inf
1.5,64,6,0.00000001,0,0.4,27795.2,inf,inf,30457.6,inf,inf,inf,inf
1.5,64,6,0.00000001,0,0.6,31520,inf,inf,33734.4,inf,inf,inf,inf
1.5,64,6,0.00000001,0,0.8,33760,inf,inf,36313.6,inf,inf,inf,inf
1.5,64,6,0.00000001,0,1,35046.4,inf,inf,37772.8,inf,inf,inf,inf
1.5,64,6,0.00000001,0.2,0.4,27910.4,32889.6,33011.2,30131.2,37894.4,inf,inf,inf
1.5,64,6,0.00000001,0.2,0.6,31340.8,36179.2,36224,33612.8,inf,inf,inf,inf
1.5,64,6,0.00000001,0.2,0.8,33824,38112,38233.6,35616,inf,inf,inf,inf
1.5,64,6,0.00000001,0.2,1,35212.8,39788.8,39468.8,36934.4,inf,inf,inf,inf
1.5,64,6,0.00000001,1,0.2,inf,inf,inf,inf,inf,inf,inf,inf
1.5,64,6,0.00000001,1,0.4,inf,inf,inf,inf,inf,inf,inf,inf
1.5,64,6,0.00000001,1,0.6,inf,inf,inf,inf,inf,inf,inf,inf
1.5,64,6,0.00000001,1,0.8,inf,inf,inf,inf,inf,inf,inf,inf
1.5,64,6,0.00000001,1,1,inf,inf,inf,inf,inf,inf,inf,inf
1.5,64,8,0.00000001,0,0.2,18406.4,inf,inf,21907.2,inf,inf,inf,inf
1.5,64,8,0.00000001,0,0.4,27795.2,inf,inf,30457.6,inf,inf,inf,inf
1.5,64,8,0.00000001,0,0.6,31520,inf,inf,33734.4,inf,inf,inf,inf
1.5,64,8,0.00000001,0,0.8,33760,inf,inf,36313.6,inf,inf,inf,inf
1.5,64,8,0.00000001,0,1,35046.4,inf,inf,37772.8,inf,inf,inf,inf
1.5,64,8,0.00000001,0.2,0.4,27910.4,32889.6,33011.2,30131.2,37894.4,inf,inf,inf
1.5,64,8,0.00000001,0.2,0.6,31340.8,36179.2,36224,33612.8,inf,inf,inf,inf
1.5,64,8,0.00000001,0.2,0.8,33824,38112,38233.6,35616,inf,inf,inf,inf
1.5,64,8,0.00000001,0.2,1,35212.8,39788.8,39468.8,36934.4,inf,inf,inf,inf
1.5,64,8,0.00000001,1,0.2,inf,inf,inf,inf,inf,inf,inf,inf
1.5,64,8,0.00000001,1,0.4,inf,inf,inf,inf,inf,inf,inf,inf
1.5,64,8,0.00000001,1,0.6,inf,inf,inf,inf,inf,inf,inf,inf
1.5,64,8,0.00000001,1,0.8,inf,inf,inf,inf,inf,inf,inf,inf
1.5,64,8,0.00000001,1,1,inf,inf,inf,inf,inf,inf,inf,inf
