cr,f,popsize,different_powers,discus,ellipsoid,rosenbrock,shifted_sphere,sphere,mean,mad
0.59999996,0.12,64,1459.2,3916.8,3955.2,2284.8,5401.6,6464,3913.5999,1361.0668
0.56,0.12,64,1459.2,3884.8,3993.6,2412.8,5465.6,6387.2,3933.8665,1348.2667
0.56,0.08,64,1427.2,4019.2,3980.8,2272,5318.4,6668.8,3947.7332,1398.7555
0.52,0.12,64,1529.6,3974.4,4012.8,2419.2,5555.2,6227.2,3953.0664,1319.1112
0.64,0.12,64,1516.8,3942.4,4006.4,2284.8,5593.6,6483.2,3971.2,1389.8667
0.68,0.16,64,1472,4121.6,4038.4,2348.8,5574.4,6502.4,4009.5999,1399.4667
0.48,0.08,64,1420.8,4262.4,3987.2,2348.8,5529.6,6566.4,4019.2002,1433.6
0.52,0.08,64,1465.6,4192,4102.4,2348.8,5497.6,6534.4,4023.4668,1410.8444
0.68,0.12,64,1478.4,3968,3993.6,2201.6,5657.6,6944,4040.5332,1506.8444
0.48,0.12,64,1529.6,4230.4,4115.2,2553.6,5452.8,6368,4041.6003,1333.3331
0.59999996,0.16,64,1529.6,4153.6,4179.2,2444.8,5574.4,6432,4052.2666,1376.7113
0.64,0.16,64,1529.6,4096,4038.4,2425.6,5696,6592,4062.9333,1398.3999
0.59999996,0.08,64,1414.4,4268.8,4108.8,2304,5516.8,6867.2,4080,1480.5332
0.56,0.16,64,1638.4,4108.8,4064,2496,5644.8,6553.6,4084.2666,1351.4667
0.44,0.08,64,1568,4198.4,4198.4,2380.8,5632,6585.6,4093.8665,1412.9779
0.52,0.16,64,1606.4,4102.4,4153.6,2636.8,5619.2,6547.2,4110.9336,1329.0668
0.44,0.12,64,1568,4243.2,4204.8,2566.4,5664,6483.2,4121.6,1369.6
0.71999997,0.16,64,1536,4128,4108.8,2240,5676.8,7148.8,4139.733,1515.3776
0.48,0.16,64,1644.8,4179.2,4275.2,2656,5702.4,6604.8,4177.0664,1351.1112
0.39999998,0.12,64,1644.8,4320,4179.2,2508.8,5753.6,6726.4,4188.8003,1411.1998
0.39999998,0.08,64,1510.4,4313.6,4326.4,2515.2,5875.2,6732.8,4212.267,1466.311
0.71999997,0.12,64,1388.8,4140.8,4249.6,2278.4,6022.4,7379.2,4243.1997,1640.5336
0.44,0.16,64,1612.8,4416,4204.8,2732.8,5817.6,6732.8,4252.8003,1402.6666
0.68,0.19999999,64,1657.6,4243.2,4230.4,2502.4,5952,6950.4,4256,1463.4667
0.64,0.19999999,64,1606.4,4320,4288,2585.6,5945.6,6873.6,4269.8667,1449.2445
0.71999997,0.19999999,64,1625.6,4179.2,4300.8,2508.8,6182.4,6950.4,4291.1997,1519.9999
0.35999998,0.12,64,1734.4,4371.2,4371.2,2668.8,5958.4,6739.2,4307.1997,1403.7334
0.59999996,0.19999999,64,1728,4371.2,4307.2,2681.6,5990.4,7008,4347.7334,1442.1333
0.35999998,0.08,64,1670.4,4531.2,4435.2,2643.2,5984,6886.4,4358.4,1467.7334
0.68,0.08,64,1337.6,4307.2,4416,2144,6297.6,7654.4,4359.467,1763.1998
0.39999998,0.16,64,1587.2,4416,4377.6,2828.8,5990.4,6976,4362.6665,1436.4445
0.56,0.19999999,64,1664,4396.8,4358.4,2732.8,6099.2,6924.8,4362.6665,1444.2666
0.76,0.19999999,64,1504,4390.4,4332.8,2252.8,6176,7590.4,4374.4,1677.8666
0.76,0.16,64,1382.4,4294.4,4403.2,2105.6,6246.4,8147.2,4429.8667,1844.6222
0.52,0.19999999,64,1728,4358.4,4326.4,2841.6,6195.2,7168,4436.267,1496.889
0.32,0.08,64,1657.6,4608,4492.8,2572.8,6233.6,7065.6,4438.4,1548.7999
0.48,0.19999999,64,1753.6,4473.6,4358.4,2931.2,6137.6,7129.6,4464,1449.6001
0.39999998,0.04,64,1497.6,4627.2,4416,2489.6,6176,7680,4481.067,1680
0.35999998,0.16,64,1772.8,4492.8,4537.6,2969.6,6131.2,7078.4,4497.067,1418.6666
0.32,0.12,64,1760,4633.6,4608,2816,6278.4,7097.6,4532.2666,1496.1777
0.76,0.23999998,64,1574.4,4582.4,4460.8,2393.6,6636.8,7705.6,4558.933,1749.3334
0.35999998,0.04,64,1580.8,4806.4,4806.4,2636.8,6406.4,7392,4604.8,1664
0.44,0.19999999,64,1824,4601.6,4582.4,3008,6406.4,7251.2,4612.267,1477.6891
0.71999997,0.23999998,64,1670.4,4678.4,4544,2707.2,6425.6,7916.8,4657.0664,1683.1998
0.28,0.08,64,1843.2,4691.2,4800,2828.8,6502.4,7283.2,4658.1333,1548.0889
0.39999998,0.19999999,64,1792,4761.6,4640,2995.2,6483.2,7328,4666.6665,1524.2667
0.68,0.23999998,64,1824,4665.6,4614.4,2848,6489.6,7571.2,4668.8003,1574.4
0.32,0.16,64,1830.4,4742.4,4768,3020.8,6387.2,7334.4,4680.5337,1503.2887
0.28,0.12,64,1747.2,4838.4,4800,2931.2,6483.2,7347.2,4691.1997,1568.0001
0.32,0.04,64,1606.4,4793.6,4947.2,2688,6553.6,7648,4706.1333,1705.9557
0.64,0.23999998,64,1843.2,4646.4,4716.8,2956.8,6496,7680,4723.1997,1576.5332
0.59999996,0.23999998,64,1932.8,4774.4,4768,3027.2,6553.6,7808,4810.6665,1580.0889
0.35999998,0.19999999,64,1900.8,4934.4,4755.2,3161.6,6611.2,7558.4,4820.2666,1547.7334
0.28,0.04,64,1747.2,5024,4972.8,2752,6764.8,7980.8,4873.6,1749.3331
0.28,0.16,64,1945.6,4928,4966.4,3206.4,6630.4,7616,4882.1333,1537.4222
0.79999995,0.23999998,64,1446.4,4505.6,4550.4,2361.6,7411.2,9088,4893.8667,2237.1555
0.56,0.23999998,64,1881.6,4806.4,4812.8,3097.6,6809.6,8083.2,4915.1997,1687.4667
0.24,0.08,64,1804.8,5120,5158.4,2937.6,6848,7801.6,4945.0664,1715.9111
0.32,0.19999999,64,1875.2,4915.2,4972.8,3148.8,6873.6,7993.6,4963.1997,1650.1333
0.24,0.12,64,1932.8,5100.8,5132.8,3097.6,6771.2,7795.2,4971.733,1637.689
0.76,0.28,64,1817.6,4768,5030.4,2579.2,7187.2,8480,4977.067,1922.1333
0.52,0.23999998,64,2003.2,4825.6,4844.8,3315.2,6899.2,8096,4997.3335,1666.8446
0.79999995,0.28,64,1625.6,4864,4908.8,2457.6,7475.2,8729.6,5010.1333,2061.511
0.48,0.23999998,64,1964.8,4908.8,4844.8,3340.8,6995.2,8217.6,5045.333,1707.3776
0.24,0.04,64,1811.2,5254.4,5331.2,2880,6918.4,8396.8,5098.6665,1835.3779
0.44,0.23999998,64,1907.2,4960,5011.2,3276.8,7123.2,8313.6,5098.6665,1746.4888
0.24,0.16,64,2022.4,5203.2,5216,3257.6,7014.4,8025.6,5123.1997,1655.4668
0.28,0.19999999,64,1984,5100.8,5158.4,3340.8,6976,8198.4,5126.4,1651.2001
0.71999997,0.28,64,2041.6,5184,5017.6,2752,7334.4,8524.8,5142.4,1872
0.39999998,0.23999998,64,2016,5094.4,5088,3366.4,7321.6,8345.6,5205.3335,1752.1777
0.19999999,0.12,64,1990.4,5433.6,5433.6,3244.8,7321.6,8140.8,5260.8003,1762.1332
0.19999999,0.08,64,1920,5446.4,5536,3136,7308.8,8294.4,5273.6,1830.4
0.68,0.28,64,2150.4,5376,5260.8,3091.2,7353.6,8601.6,5305.6,1804.8002
0.35999998,0.23999998,64,1996.8,5216,5190.4,3552,7462.4,8704,5353.6,1819.7334
0.24,0.19999999,64,2016,5408,5440,3456,7475.2,8646.4,5406.933,1780.6224
0.19999999,0.04,64,1932.8,5548.8,5497.6,3078.4,7545.6,8896,5416.533,1940.6224
0.84,0.28,64,1427.2,4928,4710.4,2182.4,8787.2,10496,5421.8667,2813.1555
0.32,0.23999998,64,2124.8,5286.4,5331.2,3443.2,7539.2,8883.2,5434.6665,1851.0221
0.19999999,0.16,64,2092.8,5548.8,5593.6,3334.4,7526.4,8524.8,5436.8003,1815.4664
0.79999995,0.32,64,1824,5350.4,5433.6,2624,8441.6,9164.8,5473.0664,2220.0886
0.64,0.28,64,2246.4,5491.2,5248,3276.8,7673.6,9049.6,5497.6,1909.3334
0.84,0.32,64,1670.4,5113.6,5171.2,2412.8,9088,9734.4,5531.733,2586.3113
0.59999996,0.28,64,2150.4,5369.6,5440,3436.8,7904,9363.2,5610.6665,2015.2887
0.28,0.23999998,64,2220.8,5478.4,5574.4,3481.6,7865.6,9068.8,5614.933,1901.5111
0.76,0.32,64,2099.2,5369.6,5529.6,2982.4,8275.2,9644.8,5650.1333,2206.578
0.56,0.28,64,2131.2,5337.6,5318.4,3596.8,7916.8,9728,5671.4663,2100.622
0.16,0.08,64,2022.4,5894.4,5926.4,3500.8,7948.8,8921.6,5702.4,1960.5332
0.19999999,0.19999999,64,2220.8,5715.2,5734.4,3692.8,8096,9132.8,5765.3335,1899.3778
0.52,0.28,64,2259.2,5548.8,5433.6,3724.8,8019.2,9792,5796.267,2072.889
0.48,0.28,64,2176,5619.2,5395.2,3769.6,8076.8,9772.8,5801.6,2082.133
0.16,0.12,64,2182.4,6054.4,5977.6,3443.2,8032,9222.4,5818.6665,2003.9115
0.16,0.04,64,1977.6,6048,6099.2,3430.4,8134.4,9305.6,5832.5337,2085.6887
0.24,0.23999998,64,2233.6,5772.8,5772.8,3756.8,8198.4,9401.6,5856,1962.6666
0.71999997,0.32,64,2233.6,5798.4,5798.4,3334.4,8268.8,9798.4,5872,2107.7334
0.16,0.16,64,2150.4,6144,6105.6,3584,8134.4,9395.2,5918.9336,2034.4888
0.44,0.28,64,2220.8,5612.8,5561.6,3852.8,8377.6,9939.2,5927.467,2153.9556
0.84,0.35999998,64,2035.2,5958.4,5651.2,2649.6,9094.4,10406.4,5965.867,2523.0225
0.39999998,0.28,64,2278.4,5555.2,5721.6,3891.2,8480,9939.2,5977.6,2154.6667
0.88,0.32,64,1356.8,5043.2,4992,2073.6,12172.8,10259.2,5982.933,3488.711
0.35999998,0.28,64,2329.6,5728,5772.8,4038.4,8524.8,10150.4,6090.6665,2164.6223
0.32,0.28,64,2432,5856,5868.8,4121.6,8614.4,10156.8,6174.9336,2140.4446
0.88,0.35999998,64,1696,5760,5555.2,2297.6,10316.8,11456,6180.267,3137.422
0.68,0.32,64,2208,6060.8,6169.6,3750.4,8825.6,10208,6203.733,2208.711
0.16,0.19999999,64,2323.2,6310.4,6310.4,3782.4,8569.6,9952,6208,2103.4666
0.19999999,0.23999998,64,2291.2,6201.6,6214.4,4012.8,8601.6,9945.6,6211.1997,2042.6666
0.28,0.28,64,2406.4,6035.2,5926.4,3980.8,8819.2,10336,6250.6665,2217.9558
0.79999995,0.35999998,64,2086.4,6265.6,6323.2,3353.6,9382.4,10515.2,6321.067,2419.2002
0.12,0.08,64,2374.4,6675.2,6566.4,3788.8,8851.2,10105.6,6393.6,2208
0.12,0.12,64,2348.8,6579.2,6675.2,3872,9043.2,10028.8,6424.533,2209.4224
0.64,0.32,64,2592,6086.4,6067.2,3980.8,8992,10995.2,6452.267,2360.889
0.24,0.28,64,2393.6,6233.6,6393.6,4211.2,9075.2,10624,6488.533,2240.711
0.12,0.04,64,2284.8,6675.2,6726.4,3712,9081.6,10592,6512,2342.4001
0.12,0.16,64,2476.8,6777.6,6668.8,4038.4,8953.6,10380.8,6549.3335,2194.4885
0.16,0.23999998,64,2489.6,6508.8,6528,4115.2,9158.4,10604.8,6567.467,2209.4224
0.59999996,0.32,64,2553.6,6182.4,6182.4,3974.4,9337.6,11622.4,6642.1333,2558.578
0.76,0.35999998,64,2515.2,6656,6662.4,3846.4,9344,11001.6,6670.9336,2334.578
0.88,0.28,64,1254.4,4844.8,5056,1907.2,12979.2,14009.6,6675.1997,4546.1333
0.19999999,0.28,64,2412.8,6502.4,6707.2,4108.8,9459.2,10905.6,6682.6665,2341.3333
0.88,0.39999998,64,1836.8,6451.2,6572.8,2566.4,11462.4,12243.2,6855.467,3331.556
0.12,0.19999999,64,2515.2,6905.6,6956.8,4249.6,9593.6,10924.8,6857.5996,2316.8
0.56,0.32,64,2528,6438.4,6348.8,4358.4,9664,11852.8,6865.0664,2595.5554
0.52,0.32,64,2560,6310.4,6374.4,4134.4,9849.6,12224,6908.8003,2752
0.48,0.32,64,2464,6329.6,6310.4,4633.6,9939.2,12396.8,7012.267,2770.4893
0.84,0.39999998,64,2393.6,6969.6,6764.8,3206.4,10464,12499.2,7049.6,2954.6667
0.71999997,0.35999998,64,2624,6988.8,6988.8,4070.4,9900.8,11744,7052.8003,2513.0667
0.16,0.28,64,2630.4,7052.8,6816,4332.8,9926.4,11628.8,7064.533,2475.3777
0.44,0.32,64,2681.6,6406.4,6380.8,4480,10220.8,12281.6,7075.2007,2784
0.32,0.32,64,2611.2,6547.2,6489.6,4531.2,10022.4,12320,7086.9336,2722.8445
0.35999998,0.32,64,2726.4,6528,6617.6,4403.2,10105.6,12147.2,7088,2692.2666
0.39999998,0.32,64,2745.6,6521.6,6329.6,4537.6,10188.8,12256,7096.533,2750.5774
0.12,0.23999998,64,2662.4,7187.2,7424,4300.8,10009.6,11481.6,7177.5996,2464
0.28,0.32,64,2803.2,6745.6,6803.2,4505.6,10169.6,12332.8,7226.6665,2683.0222
0.24,0.32,64,2803.2,6867.2,6931.2,4793.6,10291.2,12256,7323.734,2633.2444
0.91999996,0.39999998,64,1548.8,6412.8,6137.6,2156.8,14118.4,14163.2,7422.933,4478.5776
0.19999999,0.32,64,2841.6,7097.6,7027.2,4614.4,10585.6,12576,7457.0664,2749.1553
0.08,0.08,64,2649.6,7782.4,7673.6,4492.8,10470.4,11731.2,7466.666,2596.978
0.79999995,0.39999998,64,2822.4,7347.2,7513.6,4044.8,10534.4,12556.8,7469.8667,2731.7334
0.08,0.12,64,2803.2,7712,7776,4595.2,10515.2,11833.6,7539.199,2560.0002
0.68,0.35999998,64,2796.8,7392,7296,4403.2,10547.2,12800,7539.1997,2756.2666
0.08,0.04,64,2636.8,7788.8,7814.4,4422.4,10515.2,12096,7545.6,2677.3333
0.08,0.16,64,2636.8,7961.6,7961.6,4755.2,10502.4,12108.8,7654.4004,2638.9333
0.12,0.28,64,2739.2,7660.8,7654.4,4748.8,10790.4,12492.8,7681.067,2640.3557
0.91999996,0.43999997,64,1945.6,7040,6854.4,2905.6,14329.6,13376,7741.8667,4073.9553
0.88,0.43999997,64,2380.8,7635.2,7692.8,2995.2,12736,13305.6,7790.9336,3486.578
0.16,0.32,64,2822.4,7468.8,7584,4838.4,11059.2,13004.8,7796.267,2823.8225
0.08,0.19999999,64,2784,8153.6,8140.8,4800,11078.4,12697.6,7942.4,2766.9333
0.64,0.35999998,64,2828.8,7596.8,7718.4,4947.2,11206.4,13696,7998.9336,2968.178
0.91999996,0.35999998,64,1555.2,5843.2,5894.4,1907.2,18470.4,15571.2,8206.934,5875.9116
0.12,0.32,64,2988.8,8025.6,8185.6,5030.4,11654.4,13696,8263.467,2941.1555
0.59999996,0.35999998,64,3206.4,7539.2,7315.2,5024,11846.4,14899.2,8305.067,3378.489
0.76,0.39999998,64,2828.8,8128,8064,4672,11968,14176,8306.134,3177.2449
0.08,0.23999998,64,2931.2,8460.8,8524.8,5152,11584,13440,8348.8,2871.4668
0.32,0.35999998,64,3065.6,7443.2,7577.6,5433.6,12108.8,14892.8,8420.267,3387.0222
0.28,0.35999998,64,2995.2,7507.2,7513.6,5331.2,12307.2,14912,8427.733,3454.5774
0.19999999,0.35999998,64,3014.4,7782.4,7923.2,5408,12281.6,14464,8478.934,3262.578
0.35999998,0.35999998,64,3033.6,7436.8,7648,5292.8,12243.2,15219.2,8478.933,3501.511
0.24,0.35999998,64,2976,7673.6,7705.6,5382.4,12332.8,14982.4,8508.8,3432.5332
0.56,0.35999998,64,3065.6,7769.6,7603.2,5350.4,12275.2,15360,8570.667,3497.9558
0.84,0.43999997,64,2995.2,8345.6,8556.8,4326.4,12908.8,14355.2,8581.333,3367.111
0.39999998,0.35999998,64,3142.4,7571.2,7436.8,5529.6,12281.6,15673.6,8605.866,3581.1553
0.52,0.35999998,64,3328,7622.4,7571.2,5260.8,12582.4,15571.2,8656.001,3613.8672
0.08,0.28,64,3033.6,8742.4,8780.8,5222.4,12339.2,14124.8,8707.2,3052.8
0.44,0.35999998,64,3072,7641.6,7372.8,5542.4,12678.4,16025.6,8722.133,3753.2441
0.16,0.35999998,64,3200,8211.2,8153.6,5369.6,12524.8,14924.8,8730.667,3329.422
0.48,0.35999998,64,3238.4,7648,7494.4,5651.2,12659.2,15820.8,8752,3658.6667
0.91999996,0.48,64,2700.8,8217.6,8409.6,3302.4,15660.8,15040,8888.533,4307.911
0.71999997,0.39999998,64,3526.4,9011.2,8697.6,5011.2,12364.8,15392,9000.533,3255.4668
0.12,0.35999998,64,3232,8678.4,8652.8,5542.4,13062.4,15110.4,9046.399,3360
0.08,0.32,64,3289.6,9203.2,9145.6,5228.8,13152,15187.2,9201.066,3313.0671
0.79999995,0.43999997,64,3494.4,9292.8,9094.4,4889.6,13222.4,15987.2,9330.134,3516.4446
0.04,0.04,64,3468.8,9932.8,9856,5664,13414.4,15347.2,9613.866,3364.9778
0.04,0.08,64,3513.6,10054.4,9721.6,5747.2,13478.4,15187.2,9617.067,3324.444
0.88,0.48,64,3155.2,9440,9664,4083.2,14854.4,16672,9644.8,4085.3333
0.96,0.43999997,64,1817.6,7360,7238.4,2227.2,21702.4,17702.4,9674.667,6685.1563
0.04,0.12,64,3584,10195.2,9932.8,5708.8,13574.4,15244.8,9706.667,3373.511
0.68,0.39999998,64,3449.6,9235.2,9081.6,5926.4,13772.8,16825.6,9715.2,3722.6667
0.19999999,0.39999998,64,3430.4,8742.4,8748.8,6169.6,14348.8,17382.4,9803.733,4041.2441
0.04,0.16,64,3590.4,10099.2,10233.6,5670.4,13843.2,15443.2,9813.333,3455.289
0.16,0.39999998,64,3475.2,8928,8979.2,5836.8,14419.2,17382.4,9836.8,4042.6667
0.24,0.39999998,64,3475.2,8582.4,8620.8,6163.2,14579.2,17606.4,9837.867,4169.9556
0.96,0.48,64,2246.4,7788.8,8044.8,2342.4,20768,17952,9857.066,6335.289
0.08,0.35999998,64,3635.2,9740.8,9606.4,5888,14137.6,16844.8,9975.467,3677.1555
0.28,0.39999998,64,3456,8678.4,8620.8,6387.2,14790.4,18483.2,10069.333,4378.311
0.04,0.19999999,64,3622.4,10444.8,10438.4,5971.2,14048,15910.4,10072.534,3517.1553
0.12,0.39999998,64,3635.2,9465.6,9446.4,6214.4,14656,17344,10126.934,3915.378
0.64,0.39999998,64,3737.6,9235.2,9299.2,6188.8,14918.4,17676.8,10176.001,4081.0671
0.32,0.39999998,64,3532.8,8569.6,8486.4,6598.4,15334.4,19078.4,10266.667,4626.4897
0.04,0.23999998,64,3731.2,10521.6,10707.2,6304,14457.6,16768,10414.934,3598.222
0.76,0.43999997,64,3846.4,10016,10291.2,5785.6,14374.4,18265.6,10429.867,3926.7559
0.35999998,0.39999998,64,3833.6,8800,8691.2,6988.8,15641.6,20300.8,10709.334,4841.2446
0.08,0.39999998,64,3692.8,10348.8,10208,6220.8,15539.2,18291.2,10716.8,4132.266
0.96,0.52,64,2809.6,9292.8,10003.2,3251.2,20441.6,18892.8,10781.866,5923.555
0.04,0.28,64,3865.6,11046.4,11168,6214.4,15104,17337.6,10789.333,3832.8887
0.39999998,0.39999998,64,3776,8748.8,8857.6,6828.8,16115.2,20499.2,10804.267,5001.9556
0.59999996,0.39999998,64,3814.4,9619.2,9356.8,6406.4,15788.8,19872,10809.6,4680.5327
0.84,0.48,64,4288,10873.6,11008,5414.4,15641.6,18393.6,10936.534,4077.8665
0.91999996,0.52,64,3456,10406.4,10515.2,4691.2,18220.8,19078.4,11061.333,5058.844
0.12,0.43999997,64,3596.8,10112,10336,6508.8,16339.2,19609.6,11083.733,4593.778
0.52,0.39999998,64,3808,9504,9286.4,6604.8,16556.8,21126.4,11147.733,5129.2446
0.56,0.39999998,64,4345.6,9632,9158.4,6777.6,16556.8,20499.2,11161.599,4910.933
0.44,0.39999998,64,3852.8,9017.6,9145.6,7033.6,16633.6,21292.8,11162.667,5200.3555
0.16,0.43999997,64,3731.2,10016,9888,6745.6,16576,20396.8,11225.599,4840.533
0.04,0.32,64,3865.6,11379.2,11404.8,6502.4,16006.4,18240,11233.066,4032.7112
0.96,0.39999998,64,1433.6,7276.8,6547.2,1708.8,29228.8,21241.6,11239.468,9330.489
0.48,0.39999998,64,4134.4,9062.4,9299.2,7174.4,16838.4,21657.6,11361.066,5257.9556
0.19999999,0.43999997,64,3929.6,9952,9900.8,7206.4,16825.6,20966.4,11463.466,4955.022
0.71999997,0.43999997,64,3852.8,11142.4,10720,6899.2,16422.4,20044.8,11513.599,4480
0.08,0.43999997,64,3865.6,11008,11136,6873.6,17376,20243.2,11750.399,4706.1333
0.04,0.35999998,64,4000,11590.4,11948.8,6899.2,16665.6,19737.6,11806.934,4310.4
0.24,0.43999997,64,3974.4,10156.8,10048,7712,17984,22227.2,12017.066,5392.3555
0.79999995,0.48,64,4032,12198.4,12115.2,6604.8,17081.6,20870.4,12150.399,4566.4
0.28,0.43999997,64,4076.8,10086.4,9932.8,7910.4,18310.4,23948.8,12377.601,5834.6665
0.88,0.52,64,4230.4,12038.4,12697.6,5792,18969.6,20774.4,12417.066,5063.4663
0.04,0.39999998,64,4345.6,12576,12339.2,7084.8,17881.6,20672,12483.2,4560
0.12,0.48,64,4108.8,11289.6,11417.6,7584,19180.8,23123.2,12784,5578.6665
0.68,0.43999997,64,4729.6,11750.4,11833.6,7404.8,18265.6,23168,12858.667,5238.756
0.08,0.48,64,4230.4,11788.8,11680,7590.4,19142.4,23027.2,12909.867,5449.9556
0.32,0.43999997,64,4294.4,10374.4,10137.6,8601.6,19494.4,24985.6,12981.333,6172.444
0.96,0.56,64,3827.2,11596.8,12320,4492.8,24192,21580.8,13001.601,6589.8667
0.16,0.48,64,4121.6,11091.2,11072,7808,19628.8,24486.4,13034.667,6015.289
0.04,0.43999997,64,4096,13100.8,13056,7616,19206.4,22227.2,13217.067,4999.8223
0.35999998,0.43999997,64,4518.4,10547.2,10656,8851.2,20473.6,27033.6,13680,6715.733
0.19999999,0.48,64,4294.4,11193.6,11302.4,8582.4,20857.6,26502.4,13788.8,6594.1333
0.64,0.43999997,64,5305.6,12000,12300.8,8486.4,19641.6,25561.6,13882.667,5812.6226
0.76,0.48,64,5062.4,14022.4,13587.2,7820.8,19328,24755.2,14096,5297.0664
0.04,0.48,64,4524.8,13830.4,14035.2,7974.4,20492.8,24307.2,14194.133,5470.5776
0.08,0.52,64,4499.2,12851.2,12928,8128,21062.4,25728,14199.466,6130.489
0.91999996,0.56,64,4166.4,14617.6,13478.4,6656,22444.8,23974.4,14222.934,6122.6665
0.39999998,0.43999997,64,4908.8,10956.8,10668.8,8723.2,21926.4,28550.4,14289.066,7299.556
0.12,0.52,64,4518.4,12409.6,12435.2,8844.8,22028.8,27257.6,14582.399,6707.1997
0.84,0.52,64,4908.8,14508.8,14854.4,7046.4,21292.8,25049.6,14610.133,5788.8003
0.24,0.48,64,4492.8,11411.2,11539.2,9516.8,22419.2,28755.2,14689.066,7265.422
0.59999996,0.43999997,64,5177.6,12268.8,12115.2,8921.6,21260.8,28505.6,14708.267,6783.289
0.44,0.43999997,64,4742.4,11129.6,11404.8,9248,22809.6,29849.6,14864,7643.733
0.04,0.52,64,5177.6,14412.8,14035.2,8140.8,22361.6,26169.6,15049.601,6144
0.56,0.43999997,64,4844.8,12147.2,11795.2,8985.6,22956.8,30156.8,15147.733,7606.0444
0.48,0.43999997,64,5152,11552,11411.2,9158.4,23308.8,30636.8,15203.2,7846.4004
0.16,0.52,64,5004.8,12704,12313.6,9894.4,23936,29734.4,15597.867,7491.556
0.52,0.43999997,64,5427.2,11705.6,12096,9126.4,24089.6,31417.6,15643.734,8073.2446
0.28,0.48,64,5145.6,11897.6,11955.2,9696,23724.8,31609.6,15671.466,7997.155
0.71999997,0.48,64,5107.2,14835.2,14976,9235.2,21977.6,27936,15677.866,6185.955
0.96,0.6,64,5248,15033.6,14656,5638.4,28896,25516.8,15831.466,7583.289
0.08,0.56,64,4921.6,13900.8,13740.8,9286.4,24332.8,29107.2,15881.602,7225.6
0.04,0.56,64,5260.8,15257.6,15372.8,9177.6,23795.2,28460.8,16220.8,6604.8003
0.19999999,0.52,64,4953.6,12736,12825.6,9331.2,25766.4,33126.4,16456.533,8659.911
0.88,0.56,64,5388.8,16588.8,16851.2,8211.2,24262.4,29049.6,16725.334,6662.4
0.32,0.48,64,5292.8,12454.4,12486.4,10252.8,25561.6,34969.6,16836.268,8952.89
0.12,0.56,64,4838.4,13849.6,13996.8,9683.2,26406.4,32352,16854.4,8349.867
0.79999995,0.52,64,6630.4,16800,16281.6,8851.2,23539.2,29120,16870.4,6306.1333
0.04,0.6,64,5414.4,16249.6,16051.2,9318.4,25824,31040,17316.268,7410.489
0.08,0.6,64,5145.6,15104,14860.8,10406.4,27539.2,32947.2,17667.201,8384
0.68,0.48,64,6540.8,15744,16435.2,10457.6,25286.4,32185.6,17774.934,7307.3784
0.35999998,0.48,64,5574.4,12800,12966.4,11296,28345.6,38105.6,18181.334,10029.512
0.24,0.52,64,5452.8,13606.4,13548.8,11328,28275.2,37164.8,18229.334,9660.445
0.16,0.56,64,5632,14457.6,14233.6,10822.4,28614.4,36742.4,18417.066,9507.556
0.04,0.64,64,5881.6,16992,16998.4,9920,28544,33753.6,18681.6,8311.466
0.91999996,0.6,64,6918.4,18163.2,19392,8563.2,29651.2,31968,19109.334,7894.4
0.39999998,0.48,64,6073.6,13683.2,13260.8,11948.8,29657.6,40729.6,19225.6,10645.333
0.64,0.48,64,6752,15872,16364.8,11603.2,28339.2,37472,19400.533,9003.378
0.12,0.6,64,5868.8,15001.6,15590.4,11494.4,30617.6,38995.2,19594.666,10141.155
0.76,0.52,64,6880,19289.6,19289.6,10547.2,27174.4,35552,19788.799,7716.267
0.08,0.64,64,5721.6,16505.6,16076.8,11020.8,31392,38265.6,19830.4,9998.935
0.28,0.52,64,5990.4,14387.2,14163.2,12531.2,31379.2,42860.8,20218.666,11267.555
0.04,0.68,64,5990.4,18406.4,18041.6,11084.8,30688,37164.8,20229.334,9131.379
0.84,0.56,64,6988.8,19692.8,20364.8,11059.2,28371.2,35552,20338.133,7757.8667
0.19999999,0.56,64,5971.2,15084.8,14579.2,12659.2,32857.6,43200,20725.334,11535.645
0.96,0.64,64,7219.2,19724.8,20563.2,8108.8,35155.2,33702.4,20745.6,9122.133
0.44,0.48,64,6624,14457.6,14534.4,12940.8,32320,44204.8,20846.932,11610.31
0.59999996,0.48,64,7008,16659.2,16076.8,12806.4,31360,42003.2,20985.6,10464
0.48,0.48,64,6233.6,14924.8,15027.2,13056,34912,45024,21529.6,12292.266
0.56,0.48,64,6316.8,16121.6,15897.6,12979.2,32864,46784,21827.201,11997.867
0.04,0.72,64,6336,19372.8,19091.2,11584,33632,41209.6,21870.932,10366.578
0.52,0.48,64,7321.6,15353.6,15526.4,12806.4,34195.2,46918.4,22020.266,12357.6875
0.16,0.6,64,6412.8,16313.6,16243.2,13190.4,35251.2,45977.6,22231.469,12255.289
0.32,0.52,64,6700.8,15552,14905.6,13644.8,35449.6,47635.2,22314.666,12818.488
0.08,0.68,64,5728,18080,17657.6,11916.8,35897.6,45184,22410.666,12086.757
0.71999997,0.52,64,7513.6,20076.8,21414.4,13305.6,32076.8,41305.6,22615.469,9383.823
0.12,0.64,64,6380.8,17318.4,17164.8,13612.8,36659.2,47232,23061.334,12589.511
0,0.04,64,11462.4,28371.2,27974.4,14246.4,26835.2,30144,23172.266,6878.578
0,0.08,64,11392,28505.6,28153.6,14342.4,26816,30176,23230.932,6909.1563
0.88,0.6,64,8339.2,22483.2,23257.6,10969.6,33657.6,41331.2,23339.734,9436.445
0,0.12,64,11353.6,28678.4,28595.2,14566.4,26841.6,30214.4,23374.936,6943.2886
0,0.16,64,11308.8,28524.8,29017.6,14899.2,27084.8,30662.4,23582.936,6985.955
0.04,0.76,64,6579.2,20377.6,20051.2,12672,37004.8,45024,23618.133,11597.511
0,0.19999999,64,11129.6,29747.2,29651.2,14950.4,27257.6,31481.6,24036.266,7330.845
0.79999995,0.56,64,8358.4,23596.8,23328,13024,34598.4,43040,24324.266,9663.288
0,0.23999998,64,11276.8,30118.4,30067.2,14880,27718.4,32403.2,24410.666,7554.845
0,0.28,64,11296,30246.4,30617.6,15148.8,28512,33222.4,24840.531,7745.4224
0,0.32,64,11430.4,30828.8,31097.6,15360,28940.8,34054.4,25285.334,7926.7554
0,0.35999998,64,11712,31872,31788.8,15520,29804.8,34259.2,25826.133,8140.0894
0.91999996,0.64,64,9113.6,26406.4,25830.4,12486.4,39116.8,42323.2,25879.467,10069.333
0,0.39999998,64,11718.4,32915.2,31974.4,15462.4,30566.4,34931.2,26261.334,8447.288
0,0.43999997,64,11840,33318.4,32889.6,15334.4,30912,35769.6,26677.334,8726.755
0,0.48,64,12064,33881.6,33363.2,15520,31840,36691.2,27226.666,8956.444
0,0.52,64,12313.6,34662.4,33996.8,15680,32665.6,37280,27766.4,9179.733
0,0.56,64,12640,35052.8,34816,15788.8,33324.8,38112,28289.064,9383.112
0,0.6,64,12896,36012.8,35180.8,15776,34048,38726.4,28773.334,9624.888
0,0.64,64,12665.6,36518.4,36563.2,16294.4,35040,39456,29422.932,9961.956
0,0.68,64,12723.2,36883.2,37004.8,16320,35763.2,39923.2,29769.602,10165.333
0,0.72,64,12684.8,38105.6,37715.2,16819.2,36499.2,41209.6,30505.6,10502.401
0,0.76,64,12774.4,39404.8,38624,16812.8,37548.8,42099.2,31210.666,10944.711
0,0.8,64,13388.8,40460.8,39731.2,16972.8,37638.4,42784,31829.334,11099.0205
0,0.84,64,14169.6,40499.2,42092.8,17804.8,38732.8,43993.6,32882.13,11263.292
0,0.88,64,14521.6,42214.4,41875.2,17760,40076.8,44768,33536,11596.8
0,0.92,64,15328,43443.2,43270.4,18636.8,40960,45952,34598.4,11744
0,0.96,64,15756.8,42924.8,43891.2,18060.8,41875.2,47942.4,35075.2,12110.933
0.04,0.8,64,7027.2,21689.6,21734.4,13516.8,40857.6,inf,inf,inf
0.04,0.84,64,7641.6,22899.2,22803.2,14899.2,44934.4,inf,inf,inf
0.04,0.88,64,8025.6,24620.8,24268.8,15302.4,inf,inf,inf,inf
0.04,0.92,64,9004.8,25990.4,25664,16627.2,inf,inf,inf,inf
0.04,0.96,64,9152,27187.2,27667.2,17152,inf,inf,inf,inf
0.08,0.72,64,6848,19635.2,19756.8,14073.6,41049.6,inf,inf,inf
0.08,0.76,64,7027.2,21721.6,21824,16204.8,47833.6,inf,inf,inf
0.08,0.8,64,8172.8,23456,23302.4,17868.8,inf,inf,inf,inf
0.08,0.84,64,8819.2,26534.4,25734.4,20883.2,inf,inf,inf,inf
0.08,0.88,64,9971.2,28390.4,28428.8,22777.6,inf,inf,inf,inf
0.08,0.92,64,11001.6,31392,31027.2,25580.8,inf,inf,inf,inf
0.08,0.96,64,12550.4,34688,33772.8,29644.8,inf,inf,inf,inf
0.12,0.68,64,7059.2,19718.4,19168,14982.4,44275.2,inf,inf,inf
0.12,0.72,64,8364.8,22355.2,22060.8,18425.6,inf,inf,inf,inf
0.12,0.76,64,9228.8,25004.8,24672,20684.8,inf,inf,inf,inf
0.12,0.8,64,10873.6,28275.2,27558.4,25868.8,inf,inf,inf,inf
0.12,0.84,64,12198.4,31596.8,31724.8,28998.4,inf,inf,inf,inf
0.12,0.88,64,13529.6,36576,36326.4,35404.8,inf,inf,inf,inf
0.12,0.92,64,16550.4,41433.6,40793.6,41740.8,inf,inf,inf,inf
0.12,0.96,64,17779.2,46208,46598.4,inf,inf,inf,inf,inf
0.16,0.64,64,6873.6,18880,18566.4,15052.8,44051.2,inf,inf,inf
0.16,0.68,64,8627.2,21888,21568,19078.4,inf,inf,inf,inf
0.16,0.72,64,9907.2,25401.6,25152,23494.4,inf,inf,inf,inf
0.16,0.76,64,11302.4,29625.6,29715.2,29574.4,inf,inf,inf,inf
0.16,0.8,64,13286.4,34227.2,34118.4,34598.4,inf,inf,inf,inf
0.16,0.84,64,16256,40300.8,40288,inf,inf,inf,inf,inf
0.16,0.88,64,18457.6,46560,inf,inf,inf,inf,inf,inf
0.16,0.92,64,23110.4,inf,inf,inf,inf,inf,inf,inf
0.16,0.96,64,29100.8,inf,inf,inf,inf,inf,inf,inf
0.19999999,0.6,64,6988.8,17478.4,17606.4,15059.2,42476.8,inf,inf,inf
0.19999999,0.64,64,8544,20953.6,21011.2,18905.6,inf,inf,inf,inf
0.19999999,0.68,64,10566.4,24908.8,24640,24262.4,inf,inf,inf,inf
0.19999999,0.72,64,12044.8,29580.8,29619.2,32038.4,inf,inf,inf,inf
0.19999999,0.76,64,15430.4,35187.2,35865.6,40672,inf,inf,inf,inf
0.19999999,0.8,64,19328,42643.2,42758.4,inf,inf,inf,inf,inf
0.19999999,0.84,64,23385.6,inf,inf,inf,inf,inf,inf,inf
0.19999999,0.88,64,27366.4,inf,inf,inf,inf,inf,inf,inf
0.19999999,0.92,64,33280,inf,inf,inf,inf,inf,inf,inf
0.19999999,0.96,64,43251.2,inf,inf,inf,inf,inf,inf,inf
0.24,0.56,64,6752,16134.4,16275.2,14150.4,37382.4,inf,inf,inf
0.24,0.6,64,8051.2,19520,19532.8,19328,inf,inf,inf,inf
0.24,0.64,64,10016,23891.2,23705.6,24812.8,inf,inf,inf,inf
0.24,0.68,64,12224,28435.2,27718.4,32998.4,inf,inf,inf,inf
0.24,0.72,64,16313.6,36134.4,34956.8,42182.4,inf,inf,inf,inf
0.24,0.76,64,19929.6,43328,44467.2,inf,inf,inf,inf,inf
0.24,0.8,64,25395.2,inf,inf,inf,inf,inf,inf,inf
0.24,0.84,64,33100.8,inf,inf,inf,inf,inf,inf,inf
0.24,0.88,64,inf,inf,inf,inf,inf,inf,inf,inf
0.24,0.92,64,inf,inf,inf,inf,inf,inf,inf,inf
0.24,0.96,64,inf,inf,inf,inf,inf,inf,inf,inf
0.28,0.56,64,7340.8,17267.2,17299.2,16166.4,42355.2,inf,inf,inf
0.28,0.6,64,9094.4,21433.6,21324.8,21900.8,inf,inf,inf,inf
0.28,0.64,64,12121.6,27040,26387.2,28979.2,inf,inf,inf,inf
0.28,0.68,64,16736,33305.6,33184,inf,inf,inf,inf,inf
0.28,0.72,64,19603.2,42739.2,42873.6,inf,inf,inf,inf,inf
0.28,0.76,64,26745.6,inf,inf,inf,inf,inf,inf,inf
0.28,0.8,64,36787.2,inf,inf,inf,inf,inf,inf,inf
0.28,0.84,64,inf,inf,inf,inf,inf,inf,inf,inf
0.28,0.88,64,inf,inf,inf,inf,inf,inf,inf,inf
0.28,0.92,64,inf,inf,inf,inf,inf,inf,inf,inf
0.28,0.96,64,inf,inf,inf,inf,inf,inf,inf,inf
0.32,0.56,64,8006.4,19052.8,18752,19328,inf,inf,inf,inf
0.32,0.6,64,11270.4,23699.2,23897.6,24979.2,inf,inf,inf,inf
0.32,0.64,64,12998.4,29888,30643.2,37958.4,inf,inf,inf,inf
0.32,0.68,64,20492.8,40364.8,39635.2,inf,inf,inf,inf,inf
0.32,0.72,64,27270.4,inf,inf,inf,inf,inf,inf,inf
0.32,0.76,64,36953.6,inf,inf,inf,inf,inf,inf,inf
0.32,0.8,64,inf,inf,inf,inf,inf,inf,inf,inf
0.32,0.84,64,inf,inf,inf,inf,inf,inf,inf,inf
0.32,0.88,64,inf,inf,inf,inf,inf,inf,inf,inf
0.32,0.92,64,inf,inf,inf,inf,inf,inf,inf,inf
0.32,0.96,64,inf,inf,inf,inf,inf,inf,inf,inf
0.35999998,0.52,64,7360,16166.4,16179.2,15590.4,39840,inf,inf,inf
0.35999998,0.56,64,9977.6,20992,20704,21696,inf,inf,inf,inf
0.35999998,0.6,64,12966.4,26528,26841.6,31897.6,inf,inf,inf,inf
0.35999998,0.64,64,16646.4,34560,35059.2,42828.8,inf,inf,inf,inf
0.35999998,0.68,64,23084.8,46700.8,46342.4,inf,inf,inf,inf,inf
0.35999998,0.72,64,34918.4,inf,inf,inf,inf,inf,inf,inf
0.35999998,0.76,64,inf,inf,inf,inf,inf,inf,inf,inf
0.35999998,0.8,64,inf,inf,inf,inf,inf,inf,inf,inf
0.35999998,0.84,64,inf,inf,inf,inf,inf,inf,inf,inf
0.35999998,0.88,64,inf,inf,inf,inf,inf,inf,inf,inf
0.35999998,0.92,64,inf,inf,inf,inf,inf,inf,inf,inf
0.35999998,0.96,64,inf,inf,inf,inf,inf,inf,inf,inf
0.39999998,0.52,64,8192,17344,17465.6,16774.4,44883.2,inf,inf,inf
0.39999998,0.56,64,10265.6,22816,23020.8,24128,inf,inf,inf,inf
0.39999998,0.6,64,13420.8,29932.8,30137.6,34342.4,inf,inf,inf,inf
0.39999998,0.64,64,20070.4,40659.2,40089.6,inf,inf,inf,inf,inf
0.39999998,0.68,64,29587.2,inf,inf,inf,inf,inf,inf,inf
0.39999998,0.72,64,inf,inf,inf,inf,inf,inf,inf,inf
0.39999998,0.76,64,inf,inf,inf,inf,inf,inf,inf,inf
0.39999998,0.8,64,inf,inf,inf,inf,inf,inf,inf,inf
0.39999998,0.84,64,inf,inf,inf,inf,inf,inf,inf,inf
0.39999998,0.88,64,inf,inf,inf,inf,inf,inf,inf,inf
0.39999998,0.92,64,inf,inf,inf,inf,inf,inf,inf,inf
0.39999998,0.96,64,inf,inf,inf,inf,inf,inf,inf,inf
0.44,0.04,64,1401.6,4550.4,4512,2329.6,6246.4,inf,inf,inf
0.44,0.52,64,8307.2,18643.2,18700.8,17779.2,47718.4,inf,inf,inf
0.44,0.56,64,11673.6,24614.4,24806.4,26867.2,inf,inf,inf,inf
0.44,0.6,64,16793.6,33555.2,33856,41792,inf,inf,inf,inf
0.44,0.64,64,24422.4,46521.6,46521.6,inf,inf,inf,inf,inf
0.44,0.68,64,33657.6,inf,inf,inf,inf,inf,inf,inf
0.44,0.72,64,inf,inf,inf,inf,inf,inf,inf,inf
0.44,0.76,64,inf,inf,inf,inf,inf,inf,inf,inf
0.44,0.8,64,inf,inf,inf,inf,inf,inf,inf,inf
0.44,0.84,64,inf,inf,inf,inf,inf,inf,inf,inf
0.44,0.88,64,inf,inf,inf,inf,inf,inf,inf,inf
0.44,0.92,64,inf,inf,inf,inf,inf,inf,inf,inf
0.44,0.96,64,inf,inf,inf,inf,inf,inf,inf,inf
0.48,0.04,64,1408,4524.8,5120,2284.8,6086.4,inf,inf,inf
0.48,0.52,64,8428.8,20000,20025.6,19059.2,inf,inf,inf,inf
0.48,0.56,64,13849.6,26438.4,26854.4,29830.4,inf,inf,inf,inf
0.48,0.6,64,19404.8,37721.6,37222.4,inf,inf,inf,inf,inf
0.48,0.64,64,26540.8,inf,inf,inf,inf,inf,inf,inf
0.48,0.68,64,inf,inf,inf,inf,inf,inf,inf,inf
0.48,0.72,64,inf,inf,inf,inf,inf,inf,inf,inf
0.48,0.76,64,inf,inf,inf,inf,inf,inf,inf,inf
0.48,0.8,64,inf,inf,inf,inf,inf,inf,inf,inf
0.48,0.84,64,inf,inf,inf,inf,inf,inf,inf,inf
0.48,0.88,64,inf,inf,inf,inf,inf,inf,inf,inf
0.48,0.92,64,inf,inf,inf,inf,inf,inf,inf,inf
0.48,0.96,64,inf,inf,inf,inf,inf,inf,inf,inf
0.52,0.04,64,1414.4,4556.8,4691.2,2227.2,6572.8,inf,inf,inf
0.52,0.52,64,8960,20870.4,21465.6,19360,inf,inf,inf,inf
0.52,0.56,64,13497.6,29024,30227.2,30054.4,inf,inf,inf,inf
0.52,0.6,64,19699.2,41811.2,41798.4,inf,inf,inf,inf,inf
0.52,0.64,64,32614.4,inf,inf,inf,inf,inf,inf,inf
0.52,0.68,64,inf,inf,inf,inf,inf,inf,inf,inf
0.52,0.72,64,inf,inf,inf,inf,inf,inf,inf,inf
0.52,0.76,64,inf,inf,inf,inf,inf,inf,inf,inf
0.52,0.8,64,inf,inf,inf,inf,inf,inf,inf,inf
0.52,0.84,64,inf,inf,inf,inf,inf,inf,inf,inf
0.52,0.88,64,inf,inf,inf,inf,inf,inf,inf,inf
0.52,0.92,64,inf,inf,inf,inf,inf,inf,inf,inf
0.52,0.96,64,inf,inf,inf,inf,inf,inf,inf,inf
0.56,0.04,64,1395.2,4819.2,4608,2272,6720,inf,inf,inf
0.56,0.52,64,10278.4,21196.8,22067.2,19577.6,inf,inf,inf,inf
0.56,0.56,64,14323.2,31507.2,32089.6,31219.2,inf,inf,inf,inf
0.56,0.6,64,22220.8,46188.8,45964.8,inf,inf,inf,inf,inf
0.56,0.64,64,34374.4,inf,inf,inf,inf,inf,inf,inf
0.56,0.68,64,inf,inf,inf,inf,inf,inf,inf,inf
0.56,0.72,64,inf,inf,inf,inf,inf,inf,inf,inf
0.56,0.76,64,inf,inf,inf,inf,inf,inf,inf,inf
0.56,0.8,64,inf,inf,inf,inf,inf,inf,inf,inf
0.56,0.84,64,inf,inf,inf,inf,inf,inf,inf,inf
0.56,0.88,64,inf,inf,inf,inf,inf,inf,inf,inf
0.56,0.92,64,inf,inf,inf,inf,inf,inf,inf,inf
0.56,0.96,64,inf,inf,inf,inf,inf,inf,inf,inf
0.59999996,0.04,64,1337.6,4864,4921.6,2169.6,inf,inf,inf,inf
0.59999996,0.52,64,10182.4,21939.2,22470.4,18444.8,47603.2,inf,inf,inf
0.59999996,0.56,64,15033.6,33561.6,32268.8,29184,inf,inf,inf,inf
0.59999996,0.6,64,21894.4,inf,inf,inf,inf,inf,inf,inf
0.59999996,0.64,64,36966.4,inf,inf,inf,inf,inf,inf,inf
0.59999996,0.68,64,inf,inf,inf,inf,inf,inf,inf,inf
0.59999996,0.72,64,inf,inf,inf,inf,inf,inf,inf,inf
0.59999996,0.76,64,inf,inf,inf,inf,inf,inf,inf,inf
0.59999996,0.8,64,inf,inf,inf,inf,inf,inf,inf,inf
0.59999996,0.84,64,inf,inf,inf,inf,inf,inf,inf,inf
0.59999996,0.88,64,inf,inf,inf,inf,inf,inf,inf,inf
0.59999996,0.92,64,inf,inf,inf,inf,inf,inf,inf,inf
0.59999996,0.96,64,inf,inf,inf,inf,inf,inf,inf,inf
0.64,0.04,64,1363.2,4947.2,5177.6,2176,inf,inf,inf,inf
0.64,0.08,64,1376,4179.2,4076.8,2348.8,5817.6,inf,inf,inf
0.64,0.52,64,9548.8,22752,22713.6,18080,43232,inf,inf,inf
0.64,0.56,64,15628.8,31718.4,33670.4,24915.2,inf,inf,inf,inf
0.64,0.6,64,21894.4,inf,inf,inf,inf,inf,inf,inf
0.64,0.64,64,38188.8,inf,inf,inf,inf,inf,inf,inf
0.64,0.68,64,inf,inf,inf,inf,inf,inf,inf,inf
0.64,0.72,64,inf,inf,inf,inf,inf,inf,inf,inf
0.64,0.76,64,inf,inf,inf,inf,inf,inf,inf,inf
0.64,0.8,64,inf,inf,inf,inf,inf,inf,inf,inf
0.64,0.84,64,inf,inf,inf,inf,inf,inf,inf,inf
0.64,0.88,64,inf,inf,inf,inf,inf,inf,inf,inf
0.64,0.92,64,inf,inf,inf,inf,inf,inf,inf,inf
0.64,0.96,64,inf,inf,inf,inf,inf,inf,inf,inf
0.68,0.04,64,1369.6,inf,inf,2156.8,inf,inf,inf,inf
0.68,0.52,64,8307.2,22361.6,22348.8,15372.8,37894.4,inf,inf,inf
0.68,0.56,64,13196.8,32403.2,32563.2,25696,inf,inf,inf,inf
0.68,0.6,64,19718.4,inf,inf,39296,inf,inf,inf,inf
0.68,0.64,64,32537.6,inf,inf,inf,inf,inf,inf,inf
0.68,0.68,64,inf,inf,inf,inf,inf,inf,inf,inf
0.68,0.72,64,inf,inf,inf,inf,inf,inf,inf,inf
0.68,0.76,64,inf,inf,inf,inf,inf,inf,inf,inf
0.68,0.8,64,inf,inf,inf,inf,inf,inf,inf,inf
0.68,0.84,64,inf,inf,inf,inf,inf,inf,inf,inf
0.68,0.88,64,inf,inf,inf,inf,inf,inf,inf,inf
0.68,0.92,64,inf,inf,inf,inf,inf,inf,inf,inf
0.68,0.96,64,inf,inf,inf,inf,inf,inf,inf,inf
0.71999997,0.04,64,1440,inf,inf,2278.4,inf,inf,inf,inf
0.71999997,0.08,64,1395.2,4844.8,4576,2169.6,7123.2,inf,inf,inf
0.71999997,0.56,64,11462.4,30515.2,30233.6,17363.2,inf,inf,inf,inf
0.71999997,0.6,64,17996.8,44985.6,inf,30374.4,inf,inf,inf,inf
0.71999997,0.64,64,27667.2,inf,inf,inf,inf,inf,inf,inf
0.71999997,0.68,64,inf,inf,inf,inf,inf,inf,inf,inf
0.71999997,0.72,64,inf,inf,inf,inf,inf,inf,inf,inf
0.71999997,0.76,64,inf,inf,inf,inf,inf,inf,inf,inf
0.71999997,0.8,64,inf,inf,inf,inf,inf,inf,inf,inf
0.71999997,0.84,64,inf,inf,inf,inf,inf,inf,inf,inf
0.71999997,0.88,64,inf,inf,inf,inf,inf,inf,inf,inf
0.71999997,0.92,64,inf,inf,inf,inf,inf,inf,inf,inf
0.71999997,0.96,64,inf,inf,inf,inf,inf,inf,inf,inf
0.76,0.04,64,1446.4,inf,inf,2342.4,inf,inf,inf,inf
0.76,0.08,64,1440,4928,inf,2099.2,inf,inf,inf,inf
0.76,0.12,64,1337.6,4588.8,4358.4,2176,inf,inf,inf,inf
0.76,0.56,64,11097.6,27737.6,27667.2,17017.6,39801.6,inf,inf,inf
0.76,0.6,64,14675.2,40396.8,41510.4,24729.6,inf,inf,inf,inf
0.76,0.64,64,24032,inf,inf,39283.2,inf,inf,inf,inf
0.76,0.68,64,inf,inf,inf,inf,inf,inf,inf,inf
0.76,0.72,64,inf,inf,inf,inf,inf,inf,inf,inf
0.76,0.76,64,inf,inf,inf,inf,inf,inf,inf,inf
0.76,0.8,64,inf,inf,inf,inf,inf,inf,inf,inf
0.76,0.84,64,inf,inf,inf,inf,inf,inf,inf,inf
0.76,0.88,64,inf,inf,inf,inf,inf,inf,inf,inf
0.76,0.92,64,inf,inf,inf,inf,inf,inf,inf,inf
0.76,0.96,64,inf,inf,inf,inf,inf,inf,inf,inf
0.79999995,0.04,64,1484.8,inf,inf,2412.8,inf,inf,inf,inf
0.79999995,0.08,64,1433.6,inf,inf,2182.4,inf,inf,inf,inf
0.79999995,0.12,64,1414.4,inf,5004.8,2182.4,inf,inf,inf,inf
0.79999995,0.16,64,1299.2,5100.8,4646.4,2131.2,inf,inf,inf,inf
0.79999995,0.19999999,64,1414.4,4179.2,4505.6,2028.8,8006.4,inf,inf,inf
0.79999995,0.6,64,12672,34374.4,36051.2,18982.4,inf,inf,inf,inf
0.79999995,0.64,64,20262.4,inf,inf,30259.2,inf,inf,inf,inf
0.79999995,0.68,64,29811.2,inf,inf,inf,inf,inf,inf,inf
0.79999995,0.72,64,inf,inf,inf,inf,inf,inf,inf,inf
0.79999995,0.76,64,inf,inf,inf,inf,inf,inf,inf,inf
0.79999995,0.8,64,inf,inf,inf,inf,inf,inf,inf,inf
0.79999995,0.84,64,inf,inf,inf,inf,inf,inf,inf,inf
0.79999995,0.88,64,inf,inf,inf,inf,inf,inf,inf,inf
0.79999995,0.92,64,inf,inf,inf,inf,inf,inf,inf,inf
0.79999995,0.96,64,inf,inf,inf,inf,inf,inf,inf,inf
0.84,0.04,64,1510.4,inf,inf,2566.4,inf,inf,inf,inf
0.84,0.08,64,1420.8,inf,inf,2297.6,inf,inf,inf,inf
0.84,0.12,64,1280,inf,inf,2137.6,inf,inf,inf,inf
0.84,0.16,64,1203.2,5139.2,inf,1939.2,inf,inf,inf,inf
0.84,0.19999999,64,1324.8,4947.2,4563.2,1932.8,inf,inf,inf,inf
0.84,0.23999998,64,1171.2,4755.2,4537.6,2169.6,inf,inf,inf,inf
0.84,0.6,64,10227.2,28140.8,29350.4,14009.6,40384,inf,inf,inf
0.84,0.64,64,15481.6,40499.2,42566.4,24166.4,inf,inf,inf,inf
0.84,0.68,64,22073.6,inf,inf,35884.8,inf,inf,inf,inf
0.84,0.72,64,35372.8,inf,inf,inf,inf,inf,inf,inf
0.84,0.76,64,inf,inf,inf,inf,inf,inf,inf,inf
0.84,0.8,64,inf,inf,inf,inf,inf,inf,inf,inf
0.84,0.84,64,inf,inf,inf,inf,inf,inf,inf,inf
0.84,0.88,64,inf,inf,inf,inf,inf,inf,inf,inf
0.84,0.92,64,inf,inf,inf,inf,inf,inf,inf,inf
0.84,0.96,64,inf,inf,inf,inf,inf,inf,inf,inf
0.88,0.04,64,1721.6,inf,inf,inf,inf,inf,inf,inf
0.88,0.08,64,1254.4,inf,inf,2752,inf,inf,inf,inf
0.88,0.12,64,1094.4,inf,inf,2169.6,inf,inf,inf,inf
0.88,0.16,64,1056,inf,inf,1779.2,inf,inf,inf,inf
0.88,0.19999999,64,1094.4,inf,inf,1779.2,inf,inf,inf,inf
0.88,0.23999998,64,1049.6,6169.6,5478.4,1664,inf,inf,inf,inf
0.88,0.64,64,10604.8,33913.6,35315.2,16716.8,inf,inf,inf,inf
0.88,0.68,64,19084.8,inf,inf,23680,inf,inf,inf,inf
0.88,0.72,64,26841.6,inf,inf,40512,inf,inf,inf,inf
0.88,0.76,64,inf,inf,inf,inf,inf,inf,inf,inf
0.88,0.8,64,inf,inf,inf,inf,inf,inf,inf,inf
0.88,0.84,64,inf,inf,inf,inf,inf,inf,inf,inf
0.88,0.88,64,inf,inf,inf,inf,inf,inf,inf,inf
0.88,0.92,64,inf,inf,inf,inf,inf,inf,inf,inf
0.88,0.96,64,inf,inf,inf,inf,inf,inf,inf,inf
0.91999996,0.04,64,inf,inf,inf,inf,inf,inf,inf,inf
0.91999996,0.08,64,1267.2,inf,inf,inf,inf,inf,inf,inf
0.91999996,0.12,64,1030.4,inf,inf,2297.6,inf,inf,inf,inf
0.91999996,0.16,64,921.6,inf,inf,1728,inf,inf,inf,inf
0.91999996,0.19999999,64,947.2,inf,inf,1606.4,inf,inf,inf,inf
0.91999996,0.23999998,64,928,inf,inf,1536,inf,inf,inf,inf
0.91999996,0.28,64,1113.6,9580.8,7673.6,1529.6,inf,inf,inf,inf
0.91999996,0.32,64,1152,6137.6,6297.6,1670.4,inf,21331.2,inf,inf
0.91999996,0.68,64,13152,36985.6,35929.6,16428.8,inf,inf,inf,inf
0.91999996,0.72,64,19545.6,inf,inf,25190.4,inf,inf,inf,inf
0.91999996,0.76,64,28147.2,inf,inf,31590.4,inf,inf,inf,inf
0.91999996,0.8,64,inf,inf,inf,42169.6,inf,inf,inf,inf
0.91999996,0.84,64,inf,inf,inf,inf,inf,inf,inf,inf
0.91999996,0.88,64,inf,inf,inf,inf,inf,inf,inf,inf
0.91999996,0.92,64,inf,inf,inf,inf,inf,inf,inf,inf
0.91999996,0.96,64,inf,inf,inf,inf,inf,inf,inf,inf
0.96,0.04,64,inf,inf,inf,inf,inf,inf,inf,inf
0.96,0.08,64,1222.4,inf,inf,inf,inf,inf,inf,inf
0.96,0.12,64,940.8,inf,inf,inf,inf,inf,inf,inf
0.96,0.16,64,806.4,inf,inf,1683.2,inf,inf,inf,inf
0.96,0.19999999,64,780.8,inf,inf,1120,inf,inf,inf,inf
0.96,0.23999998,64,806.4,inf,inf,1203.2,inf,inf,inf,inf
0.96,0.28,64,870.4,inf,inf,1248,inf,inf,inf,inf
0.96,0.32,64,1036.8,11276.8,12672,1228.8,inf,inf,inf,inf
0.96,0.35999998,64,1216,7443.2,7622.4,1363.2,inf,31161.6,inf,inf
0.96,0.68,64,10195.2,28352,26323.2,11436.8,inf,inf,inf,inf
0.96,0.72,64,15449.6,36601.6,36652.8,14489.6,inf,inf,inf,inf
0.96,0.76,64,22252.8,inf,inf,20300.8,inf,inf,inf,inf
0.96,0.8,64,inf,inf,inf,27219.2,inf,inf,inf,inf
0.96,0.84,64,inf,inf,inf,38067.2,inf,inf,inf,inf
0.96,0.88,64,inf,inf,inf,inf,inf,inf,inf,inf
0.96,0.92,64,inf,inf,inf,inf,inf,inf,inf,inf
0.96,0.96,64,inf,inf,inf,inf,inf,inf,inf,inf
